,y_lo,y_hi,h_lo,h_hi,result
0,12.0,12.1,10.0,11.0,unsafe
1,12.0,12.1,11.0,12.0,unsafe
2,12.0,12.1,12.0,13.0,unsafe
3,12.0,12.1,13.0,14.0,unsafe
4,12.0,12.1,14.0,15.0,unsafe
5,12.0,12.1,15.0,16.0,unsafe
6,12.0,12.1,16.0,17.0,unsafe
7,12.0,12.1,17.0,18.0,unsafe
8,12.0,12.1,18.0,19.0,unsafe
9,12.0,12.1,19.0,20.0,unsafe
10,12.0,12.1,20.0,21.0,unsafe
11,12.0,12.1,21.0,22.0,unsafe
12,12.0,12.1,22.0,23.0,unsafe
13,12.0,12.1,23.0,24.0,unsafe
14,12.0,12.1,24.0,25.0,unsafe
15,12.0,12.1,25.0,26.0,unsafe
16,12.0,12.1,26.0,27.0,unsafe
17,12.0,12.1,27.0,28.0,unsafe
18,12.0,12.1,28.0,29.0,unsafe
19,12.0,12.1,29.0,30.0,unsafe
20,12.1,12.2,10.0,11.0,unsafe
21,12.1,12.2,11.0,12.0,unsafe
22,12.1,12.2,12.0,13.0,unsafe
23,12.1,12.2,13.0,14.0,unsafe
24,12.1,12.2,14.0,15.0,unsafe
25,12.1,12.2,15.0,16.0,unsafe
26,12.1,12.2,16.0,17.0,unsafe
27,12.1,12.2,17.0,18.0,unsafe
28,12.1,12.2,18.0,19.0,unsafe
29,12.1,12.2,19.0,20.0,unsafe
30,12.1,12.2,20.0,21.0,unsafe
31,12.1,12.2,21.0,22.0,unsafe
32,12.1,12.2,22.0,23.0,unsafe
33,12.1,12.2,23.0,24.0,unsafe
34,12.1,12.2,24.0,25.0,unsafe
35,12.1,12.2,25.0,26.0,unsafe
36,12.1,12.2,26.0,27.0,unsafe
37,12.1,12.2,27.0,28.0,unsafe
38,12.1,12.2,28.0,29.0,unsafe
39,12.1,12.2,29.0,30.0,unsafe
40,12.2,12.3,10.0,11.0,unsafe
41,12.2,12.3,11.0,12.0,unsafe
42,12.2,12.3,12.0,13.0,unsafe
43,12.2,12.3,13.0,14.0,unsafe
44,12.2,12.3,14.0,15.0,unsafe
45,12.2,12.3,15.0,16.0,unsafe
46,12.2,12.3,16.0,17.0,unsafe
47,12.2,12.3,17.0,18.0,unsafe
48,12.2,12.3,18.0,19.0,unsafe
49,12.2,12.3,19.0,20.0,unsafe
50,12.2,12.3,20.0,21.0,unsafe
51,12.2,12.3,21.0,22.0,unsafe
52,12.2,12.3,22.0,23.0,unsafe
53,12.2,12.3,23.0,24.0,unsafe
54,12.2,12.3,24.0,25.0,unsafe
55,12.2,12.3,25.0,26.0,unsafe
56,12.2,12.3,26.0,27.0,unsafe
57,12.2,12.3,27.0,28.0,unsafe
58,12.2,12.3,28.0,29.0,unsafe
59,12.2,12.3,29.0,30.0,unsafe
60,12.3,12.4,10.0,11.0,unsafe
61,12.3,12.4,11.0,12.0,unsafe
62,12.3,12.4,12.0,13.0,unsafe
63,12.3,12.4,13.0,14.0,unsafe
64,12.3,12.4,14.0,15.0,unsafe
65,12.3,12.4,15.0,16.0,unsafe
66,12.3,12.4,16.0,17.0,unsafe
67,12.3,12.4,17.0,18.0,unsafe
68,12.3,12.4,18.0,19.0,unsafe
69,12.3,12.4,19.0,20.0,unsafe
70,12.3,12.4,20.0,21.0,unsafe
71,12.3,12.4,21.0,22.0,unsafe
72,12.3,12.4,22.0,23.0,unsafe
73,12.3,12.4,23.0,24.0,unsafe
74,12.3,12.4,24.0,25.0,unsafe
75,12.3,12.4,25.0,26.0,unsafe
76,12.3,12.4,26.0,27.0,unsafe
77,12.3,12.4,27.0,28.0,unsafe
78,12.3,12.4,28.0,29.0,unsafe
79,12.3,12.4,29.0,30.0,unsafe
80,12.4,12.5,10.0,11.0,unsafe
81,12.4,12.5,11.0,12.0,unsafe
82,12.4,12.5,12.0,13.0,unsafe
83,12.4,12.5,13.0,14.0,unsafe
84,12.4,12.5,14.0,15.0,unsafe
85,12.4,12.5,15.0,16.0,unsafe
86,12.4,12.5,16.0,17.0,unsafe
87,12.4,12.5,17.0,18.0,unsafe
88,12.4,12.5,18.0,19.0,unsafe
89,12.4,12.5,19.0,20.0,unsafe
90,12.4,12.5,20.0,21.0,unsafe
91,12.4,12.5,21.0,22.0,unsafe
92,12.4,12.5,22.0,23.0,unsafe
93,12.4,12.5,23.0,24.0,unsafe
94,12.4,12.5,24.0,25.0,unsafe
95,12.4,12.5,25.0,26.0,unsafe
96,12.4,12.5,26.0,27.0,unsafe
97,12.4,12.5,27.0,28.0,unsafe
98,12.4,12.5,28.0,29.0,unsafe
99,12.4,12.5,29.0,30.0,unsafe
100,12.5,12.6,10.0,11.0,unsafe
101,12.5,12.6,11.0,12.0,unsafe
102,12.5,12.6,12.0,13.0,unsafe
103,12.5,12.6,13.0,14.0,unsafe
104,12.5,12.6,14.0,15.0,unsafe
105,12.5,12.6,15.0,16.0,unsafe
106,12.5,12.6,16.0,17.0,unsafe
107,12.5,12.6,17.0,18.0,unsafe
108,12.5,12.6,18.0,19.0,unsafe
109,12.5,12.6,19.0,20.0,unsafe
110,12.5,12.6,20.0,21.0,unsafe
111,12.5,12.6,21.0,22.0,unsafe
112,12.5,12.6,22.0,23.0,unsafe
113,12.5,12.6,23.0,24.0,unsafe
114,12.5,12.6,24.0,25.0,unsafe
115,12.5,12.6,25.0,26.0,unsafe
116,12.5,12.6,26.0,27.0,unsafe
117,12.5,12.6,27.0,28.0,unsafe
118,12.5,12.6,28.0,29.0,unsafe
119,12.5,12.6,29.0,30.0,unsafe
120,12.6,12.7,10.0,11.0,unsafe
121,12.6,12.7,11.0,12.0,unsafe
122,12.6,12.7,12.0,13.0,unsafe
123,12.6,12.7,13.0,14.0,unsafe
124,12.6,12.7,14.0,15.0,unsafe
125,12.6,12.7,15.0,16.0,unsafe
126,12.6,12.7,16.0,17.0,unsafe
127,12.6,12.7,17.0,18.0,unsafe
128,12.6,12.7,18.0,19.0,unsafe
129,12.6,12.7,19.0,20.0,unsafe
130,12.6,12.7,20.0,21.0,unsafe
131,12.6,12.7,21.0,22.0,unsafe
132,12.6,12.7,22.0,23.0,unsafe
133,12.6,12.7,23.0,24.0,unsafe
134,12.6,12.7,24.0,25.0,unsafe
135,12.6,12.7,25.0,26.0,unsafe
136,12.6,12.7,26.0,27.0,unsafe
137,12.6,12.7,27.0,28.0,unsafe
138,12.6,12.7,28.0,29.0,unsafe
139,12.6,12.7,29.0,30.0,unsafe
140,12.7,12.8,10.0,11.0,unsafe
141,12.7,12.8,11.0,12.0,unsafe
142,12.7,12.8,12.0,13.0,unsafe
143,12.7,12.8,13.0,14.0,unsafe
144,12.7,12.8,14.0,15.0,unsafe
145,12.7,12.8,15.0,16.0,unsafe
146,12.7,12.8,16.0,17.0,unsafe
147,12.7,12.8,17.0,18.0,unsafe
148,12.7,12.8,18.0,19.0,unsafe
149,12.7,12.8,19.0,20.0,unsafe
150,12.7,12.8,20.0,21.0,unsafe
151,12.7,12.8,21.0,22.0,unsafe
152,12.7,12.8,22.0,23.0,unsafe
153,12.7,12.8,23.0,24.0,unsafe
154,12.7,12.8,24.0,25.0,unsafe
155,12.7,12.8,25.0,26.0,unsafe
156,12.7,12.8,26.0,27.0,unsafe
157,12.7,12.8,27.0,28.0,unsafe
158,12.7,12.8,28.0,29.0,unsafe
159,12.7,12.8,29.0,30.0,unsafe
160,12.8,12.9,10.0,11.0,unsafe
161,12.8,12.9,11.0,12.0,unsafe
162,12.8,12.9,12.0,13.0,unsafe
163,12.8,12.9,13.0,14.0,unsafe
164,12.8,12.9,14.0,15.0,unsafe
165,12.8,12.9,15.0,16.0,unsafe
166,12.8,12.9,16.0,17.0,unsafe
167,12.8,12.9,17.0,18.0,unsafe
168,12.8,12.9,18.0,19.0,unsafe
169,12.8,12.9,19.0,20.0,unsafe
170,12.8,12.9,20.0,21.0,unsafe
171,12.8,12.9,21.0,22.0,unsafe
172,12.8,12.9,22.0,23.0,unsafe
173,12.8,12.9,23.0,24.0,unsafe
174,12.8,12.9,24.0,25.0,unsafe
175,12.8,12.9,25.0,26.0,unsafe
176,12.8,12.9,26.0,27.0,unsafe
177,12.8,12.9,27.0,28.0,unsafe
178,12.8,12.9,28.0,29.0,unsafe
179,12.8,12.9,29.0,30.0,unsafe
180,12.9,13.0,10.0,11.0,unsafe
181,12.9,13.0,11.0,12.0,unsafe
182,12.9,13.0,12.0,13.0,unsafe
183,12.9,13.0,13.0,14.0,unsafe
184,12.9,13.0,14.0,15.0,unsafe
185,12.9,13.0,15.0,16.0,unsafe
186,12.9,13.0,16.0,17.0,unsafe
187,12.9,13.0,17.0,18.0,unsafe
188,12.9,13.0,18.0,19.0,unsafe
189,12.9,13.0,19.0,20.0,unsafe
190,12.9,13.0,20.0,21.0,unsafe
191,12.9,13.0,21.0,22.0,unsafe
192,12.9,13.0,22.0,23.0,unsafe
193,12.9,13.0,23.0,24.0,unsafe
194,12.9,13.0,24.0,25.0,unsafe
195,12.9,13.0,25.0,26.0,unsafe
196,12.9,13.0,26.0,27.0,unsafe
197,12.9,13.0,27.0,28.0,unsafe
198,12.9,13.0,28.0,29.0,unsafe
199,12.9,13.0,29.0,30.0,unsafe
200,13.0,13.1,10.0,11.0,unsafe
201,13.0,13.1,11.0,12.0,unsafe
202,13.0,13.1,12.0,13.0,unsafe
203,13.0,13.1,13.0,14.0,unsafe
204,13.0,13.1,14.0,15.0,unsafe
205,13.0,13.1,15.0,16.0,unsafe
206,13.0,13.1,16.0,17.0,unsafe
207,13.0,13.1,17.0,18.0,unsafe
208,13.0,13.1,18.0,19.0,unsafe
209,13.0,13.1,19.0,20.0,unsafe
210,13.0,13.1,20.0,21.0,unsafe
211,13.0,13.1,21.0,22.0,unsafe
212,13.0,13.1,22.0,23.0,unsafe
213,13.0,13.1,23.0,24.0,unsafe
214,13.0,13.1,24.0,25.0,unsafe
215,13.0,13.1,25.0,26.0,unsafe
216,13.0,13.1,26.0,27.0,unsafe
217,13.0,13.1,27.0,28.0,unsafe
218,13.0,13.1,28.0,29.0,unsafe
219,13.0,13.1,29.0,30.0,unsafe
220,13.1,13.2,10.0,11.0,unsafe
221,13.1,13.2,11.0,12.0,unsafe
222,13.1,13.2,12.0,13.0,unsafe
223,13.1,13.2,13.0,14.0,unsafe
224,13.1,13.2,14.0,15.0,unsafe
225,13.1,13.2,15.0,16.0,unsafe
226,13.1,13.2,16.0,17.0,unsafe
227,13.1,13.2,17.0,18.0,unsafe
228,13.1,13.2,18.0,19.0,unsafe
229,13.1,13.2,19.0,20.0,unsafe
230,13.1,13.2,20.0,21.0,unsafe
231,13.1,13.2,21.0,22.0,unsafe
232,13.1,13.2,22.0,23.0,unsafe
233,13.1,13.2,23.0,24.0,unsafe
234,13.1,13.2,24.0,25.0,unsafe
235,13.1,13.2,25.0,26.0,unsafe
236,13.1,13.2,26.0,27.0,unsafe
237,13.1,13.2,27.0,28.0,unsafe
238,13.1,13.2,28.0,29.0,unsafe
239,13.1,13.2,29.0,30.0,unsafe
240,13.2,13.3,10.0,11.0,unsafe
241,13.2,13.3,11.0,12.0,unsafe
242,13.2,13.3,12.0,13.0,unsafe
243,13.2,13.3,13.0,14.0,unsafe
244,13.2,13.3,14.0,15.0,unsafe
245,13.2,13.3,15.0,16.0,unsafe
246,13.2,13.3,16.0,17.0,unsafe
247,13.2,13.3,17.0,18.0,unsafe
248,13.2,13.3,18.0,19.0,unsafe
249,13.2,13.3,19.0,20.0,unsafe
250,13.2,13.3,20.0,21.0,unsafe
251,13.2,13.3,21.0,22.0,unsafe
252,13.2,13.3,22.0,23.0,unsafe
253,13.2,13.3,23.0,24.0,unsafe
254,13.2,13.3,24.0,25.0,unsafe
255,13.2,13.3,25.0,26.0,unsafe
256,13.2,13.3,26.0,27.0,unsafe
257,13.2,13.3,27.0,28.0,unsafe
258,13.2,13.3,28.0,29.0,unsafe
259,13.2,13.3,29.0,30.0,unsafe
260,13.3,13.4,10.0,11.0,unsafe
261,13.3,13.4,11.0,12.0,unsafe
262,13.3,13.4,12.0,13.0,unsafe
263,13.3,13.4,13.0,14.0,unsafe
264,13.3,13.4,14.0,15.0,unsafe
265,13.3,13.4,15.0,16.0,unsafe
266,13.3,13.4,16.0,17.0,unsafe
267,13.3,13.4,17.0,18.0,unsafe
268,13.3,13.4,18.0,19.0,unsafe
269,13.3,13.4,19.0,20.0,unsafe
270,13.3,13.4,20.0,21.0,unsafe
271,13.3,13.4,21.0,22.0,unsafe
272,13.3,13.4,22.0,23.0,unsafe
273,13.3,13.4,23.0,24.0,unsafe
274,13.3,13.4,24.0,25.0,unsafe
275,13.3,13.4,25.0,26.0,unsafe
276,13.3,13.4,26.0,27.0,unsafe
277,13.3,13.4,27.0,28.0,unsafe
278,13.3,13.4,28.0,29.0,unsafe
279,13.3,13.4,29.0,30.0,unsafe
280,13.4,13.5,10.0,11.0,unsafe
281,13.4,13.5,11.0,12.0,unsafe
282,13.4,13.5,12.0,13.0,unsafe
283,13.4,13.5,13.0,14.0,unsafe
284,13.4,13.5,14.0,15.0,unsafe
285,13.4,13.5,15.0,16.0,unsafe
286,13.4,13.5,16.0,17.0,unsafe
287,13.4,13.5,17.0,18.0,unsafe
288,13.4,13.5,18.0,19.0,unsafe
289,13.4,13.5,19.0,20.0,unsafe
290,13.4,13.5,20.0,21.0,unsafe
291,13.4,13.5,21.0,22.0,unsafe
292,13.4,13.5,22.0,23.0,unsafe
293,13.4,13.5,23.0,24.0,unsafe
294,13.4,13.5,24.0,25.0,unsafe
295,13.4,13.5,25.0,26.0,unsafe
296,13.4,13.5,26.0,27.0,unsafe
297,13.4,13.5,27.0,28.0,unsafe
298,13.4,13.5,28.0,29.0,unsafe
299,13.4,13.5,29.0,30.0,unsafe
300,13.5,13.6,10.0,11.0,unsafe
301,13.5,13.6,11.0,12.0,unsafe
302,13.5,13.6,12.0,13.0,unsafe
303,13.5,13.6,13.0,14.0,unsafe
304,13.5,13.6,14.0,15.0,unsafe
305,13.5,13.6,15.0,16.0,unsafe
306,13.5,13.6,16.0,17.0,unsafe
307,13.5,13.6,17.0,18.0,unsafe
308,13.5,13.6,18.0,19.0,unsafe
309,13.5,13.6,19.0,20.0,unsafe
310,13.5,13.6,20.0,21.0,unsafe
311,13.5,13.6,21.0,22.0,unsafe
312,13.5,13.6,22.0,23.0,unsafe
313,13.5,13.6,23.0,24.0,unsafe
314,13.5,13.6,24.0,25.0,unsafe
315,13.5,13.6,25.0,26.0,unsafe
316,13.5,13.6,26.0,27.0,unsafe
317,13.5,13.6,27.0,28.0,unsafe
318,13.5,13.6,28.0,29.0,unsafe
319,13.5,13.6,29.0,30.0,unsafe
320,13.6,13.7,10.0,11.0,unsafe
321,13.6,13.7,11.0,12.0,unsafe
322,13.6,13.7,12.0,13.0,unsafe
323,13.6,13.7,13.0,14.0,unsafe
324,13.6,13.7,14.0,15.0,unsafe
325,13.6,13.7,15.0,16.0,unsafe
326,13.6,13.7,16.0,17.0,unsafe
327,13.6,13.7,17.0,18.0,unsafe
328,13.6,13.7,18.0,19.0,unsafe
329,13.6,13.7,19.0,20.0,unsafe
330,13.6,13.7,20.0,21.0,unsafe
331,13.6,13.7,21.0,22.0,unsafe
332,13.6,13.7,22.0,23.0,unsafe
333,13.6,13.7,23.0,24.0,unsafe
334,13.6,13.7,24.0,25.0,unsafe
335,13.6,13.7,25.0,26.0,unsafe
336,13.6,13.7,26.0,27.0,unsafe
337,13.6,13.7,27.0,28.0,unsafe
338,13.6,13.7,28.0,29.0,unsafe
339,13.6,13.7,29.0,30.0,unsafe
340,13.7,13.8,10.0,11.0,unsafe
341,13.7,13.8,11.0,12.0,unsafe
342,13.7,13.8,12.0,13.0,unsafe
343,13.7,13.8,13.0,14.0,unsafe
344,13.7,13.8,14.0,15.0,unsafe
345,13.7,13.8,15.0,16.0,unsafe
346,13.7,13.8,16.0,17.0,unsafe
347,13.7,13.8,17.0,18.0,unsafe
348,13.7,13.8,18.0,19.0,unsafe
349,13.7,13.8,19.0,20.0,unsafe
350,13.7,13.8,20.0,21.0,unsafe
351,13.7,13.8,21.0,22.0,unsafe
352,13.7,13.8,22.0,23.0,unsafe
353,13.7,13.8,23.0,24.0,unsafe
354,13.7,13.8,24.0,25.0,unsafe
355,13.7,13.8,25.0,26.0,unsafe
356,13.7,13.8,26.0,27.0,unsafe
357,13.7,13.8,27.0,28.0,unsafe
358,13.7,13.8,28.0,29.0,unsafe
359,13.7,13.8,29.0,30.0,unsafe
360,13.8,13.9,10.0,11.0,unsafe
361,13.8,13.9,11.0,12.0,unsafe
362,13.8,13.9,12.0,13.0,unsafe
363,13.8,13.9,13.0,14.0,unsafe
364,13.8,13.9,14.0,15.0,unsafe
365,13.8,13.9,15.0,16.0,unsafe
366,13.8,13.9,16.0,17.0,unsafe
367,13.8,13.9,17.0,18.0,unsafe
368,13.8,13.9,18.0,19.0,unsafe
369,13.8,13.9,19.0,20.0,unsafe
370,13.8,13.9,20.0,21.0,unsafe
371,13.8,13.9,21.0,22.0,unsafe
372,13.8,13.9,22.0,23.0,unsafe
373,13.8,13.9,23.0,24.0,unsafe
374,13.8,13.9,24.0,25.0,unsafe
375,13.8,13.9,25.0,26.0,unsafe
376,13.8,13.9,26.0,27.0,unsafe
377,13.8,13.9,27.0,28.0,unsafe
378,13.8,13.9,28.0,29.0,unsafe
379,13.8,13.9,29.0,30.0,unsafe
380,13.9,14.0,10.0,11.0,unsafe
381,13.9,14.0,11.0,12.0,unsafe
382,13.9,14.0,12.0,13.0,unsafe
383,13.9,14.0,13.0,14.0,unsafe
384,13.9,14.0,14.0,15.0,unsafe
385,13.9,14.0,15.0,16.0,unsafe
386,13.9,14.0,16.0,17.0,unsafe
387,13.9,14.0,17.0,18.0,unsafe
388,13.9,14.0,18.0,19.0,unsafe
389,13.9,14.0,19.0,20.0,unsafe
390,13.9,14.0,20.0,21.0,unsafe
391,13.9,14.0,21.0,22.0,unsafe
392,13.9,14.0,22.0,23.0,unsafe
393,13.9,14.0,23.0,24.0,unsafe
394,13.9,14.0,24.0,25.0,unsafe
395,13.9,14.0,25.0,26.0,unsafe
396,13.9,14.0,26.0,27.0,unsafe
397,13.9,14.0,27.0,28.0,unsafe
398,13.9,14.0,28.0,29.0,unsafe
399,13.9,14.0,29.0,30.0,unsafe
400,14.0,14.1,10.0,11.0,unsafe
401,14.0,14.1,11.0,12.0,unsafe
402,14.0,14.1,12.0,13.0,unsafe
403,14.0,14.1,13.0,14.0,unsafe
404,14.0,14.1,14.0,15.0,unsafe
405,14.0,14.1,15.0,16.0,unsafe
406,14.0,14.1,16.0,17.0,unsafe
407,14.0,14.1,17.0,18.0,unsafe
408,14.0,14.1,18.0,19.0,unsafe
409,14.0,14.1,19.0,20.0,unsafe
410,14.0,14.1,20.0,21.0,unsafe
411,14.0,14.1,21.0,22.0,unsafe
412,14.0,14.1,22.0,23.0,unsafe
413,14.0,14.1,23.0,24.0,unsafe
414,14.0,14.1,24.0,25.0,unsafe
415,14.0,14.1,25.0,26.0,unsafe
416,14.0,14.1,26.0,27.0,unsafe
417,14.0,14.1,27.0,28.0,unsafe
418,14.0,14.1,28.0,29.0,unsafe
419,14.0,14.1,29.0,30.0,unsafe
420,14.1,14.2,10.0,11.0,unsafe
421,14.1,14.2,11.0,12.0,unsafe
422,14.1,14.2,12.0,13.0,unsafe
423,14.1,14.2,13.0,14.0,unsafe
424,14.1,14.2,14.0,15.0,unsafe
425,14.1,14.2,15.0,16.0,unsafe
426,14.1,14.2,16.0,17.0,unsafe
427,14.1,14.2,17.0,18.0,unsafe
428,14.1,14.2,18.0,19.0,unsafe
429,14.1,14.2,19.0,20.0,unsafe
430,14.1,14.2,20.0,21.0,unsafe
431,14.1,14.2,21.0,22.0,unsafe
432,14.1,14.2,22.0,23.0,unsafe
433,14.1,14.2,23.0,24.0,unsafe
434,14.1,14.2,24.0,25.0,unsafe
435,14.1,14.2,25.0,26.0,unsafe
436,14.1,14.2,26.0,27.0,unsafe
437,14.1,14.2,27.0,28.0,unsafe
438,14.1,14.2,28.0,29.0,unsafe
439,14.1,14.2,29.0,30.0,unsafe
440,14.2,14.3,10.0,11.0,unsafe
441,14.2,14.3,11.0,12.0,unsafe
442,14.2,14.3,12.0,13.0,unsafe
443,14.2,14.3,13.0,14.0,unsafe
444,14.2,14.3,14.0,15.0,unsafe
445,14.2,14.3,15.0,16.0,unsafe
446,14.2,14.3,16.0,17.0,unsafe
447,14.2,14.3,17.0,18.0,unsafe
448,14.2,14.3,18.0,19.0,unsafe
449,14.2,14.3,19.0,20.0,unsafe
450,14.2,14.3,20.0,21.0,unsafe
451,14.2,14.3,21.0,22.0,unsafe
452,14.2,14.3,22.0,23.0,unsafe
453,14.2,14.3,23.0,24.0,unsafe
454,14.2,14.3,24.0,25.0,unsafe
455,14.2,14.3,25.0,26.0,unsafe
456,14.2,14.3,26.0,27.0,unsafe
457,14.2,14.3,27.0,28.0,unsafe
458,14.2,14.3,28.0,29.0,unsafe
459,14.2,14.3,29.0,30.0,unsafe
460,14.3,14.4,10.0,11.0,unsafe
461,14.3,14.4,11.0,12.0,unsafe
462,14.3,14.4,12.0,13.0,unsafe
463,14.3,14.4,13.0,14.0,unsafe
464,14.3,14.4,14.0,15.0,unsafe
465,14.3,14.4,15.0,16.0,unsafe
466,14.3,14.4,16.0,17.0,unsafe
467,14.3,14.4,17.0,18.0,unsafe
468,14.3,14.4,18.0,19.0,unsafe
469,14.3,14.4,19.0,20.0,unsafe
470,14.3,14.4,20.0,21.0,unsafe
471,14.3,14.4,21.0,22.0,unsafe
472,14.3,14.4,22.0,23.0,unsafe
473,14.3,14.4,23.0,24.0,unsafe
474,14.3,14.4,24.0,25.0,unsafe
475,14.3,14.4,25.0,26.0,unsafe
476,14.3,14.4,26.0,27.0,unsafe
477,14.3,14.4,27.0,28.0,unsafe
478,14.3,14.4,28.0,29.0,unsafe
479,14.3,14.4,29.0,30.0,unsafe
480,14.4,14.5,10.0,11.0,unsafe
481,14.4,14.5,11.0,12.0,unsafe
482,14.4,14.5,12.0,13.0,unsafe
483,14.4,14.5,13.0,14.0,unsafe
484,14.4,14.5,14.0,15.0,unsafe
485,14.4,14.5,15.0,16.0,unsafe
486,14.4,14.5,16.0,17.0,unsafe
487,14.4,14.5,17.0,18.0,unsafe
488,14.4,14.5,18.0,19.0,unsafe
489,14.4,14.5,19.0,20.0,unsafe
490,14.4,14.5,20.0,21.0,unsafe
491,14.4,14.5,21.0,22.0,unsafe
492,14.4,14.5,22.0,23.0,unsafe
493,14.4,14.5,23.0,24.0,unsafe
494,14.4,14.5,24.0,25.0,unsafe
495,14.4,14.5,25.0,26.0,unsafe
496,14.4,14.5,26.0,27.0,unsafe
497,14.4,14.5,27.0,28.0,unsafe
498,14.4,14.5,28.0,29.0,unsafe
499,14.4,14.5,29.0,30.0,unsafe
500,14.5,14.6,10.0,11.0,unsafe
501,14.5,14.6,11.0,12.0,unsafe
502,14.5,14.6,12.0,13.0,unsafe
503,14.5,14.6,13.0,14.0,unsafe
504,14.5,14.6,14.0,15.0,unsafe
505,14.5,14.6,15.0,16.0,unsafe
506,14.5,14.6,16.0,17.0,unsafe
507,14.5,14.6,17.0,18.0,unsafe
508,14.5,14.6,18.0,19.0,unsafe
509,14.5,14.6,19.0,20.0,unsafe
510,14.5,14.6,20.0,21.0,unsafe
511,14.5,14.6,21.0,22.0,unsafe
512,14.5,14.6,22.0,23.0,unsafe
513,14.5,14.6,23.0,24.0,unsafe
514,14.5,14.6,24.0,25.0,unsafe
515,14.5,14.6,25.0,26.0,unsafe
516,14.5,14.6,26.0,27.0,unsafe
517,14.5,14.6,27.0,28.0,unsafe
518,14.5,14.6,28.0,29.0,unsafe
519,14.5,14.6,29.0,30.0,unsafe
520,14.6,14.7,10.0,11.0,unsafe
521,14.6,14.7,11.0,12.0,unsafe
522,14.6,14.7,12.0,13.0,unsafe
523,14.6,14.7,13.0,14.0,unsafe
524,14.6,14.7,14.0,15.0,unsafe
525,14.6,14.7,15.0,16.0,unsafe
526,14.6,14.7,16.0,17.0,unsafe
527,14.6,14.7,17.0,18.0,unsafe
528,14.6,14.7,18.0,19.0,unsafe
529,14.6,14.7,19.0,20.0,unsafe
530,14.6,14.7,20.0,21.0,unsafe
531,14.6,14.7,21.0,22.0,unsafe
532,14.6,14.7,22.0,23.0,unsafe
533,14.6,14.7,23.0,24.0,unsafe
534,14.6,14.7,24.0,25.0,unsafe
535,14.6,14.7,25.0,26.0,unsafe
536,14.6,14.7,26.0,27.0,unsafe
537,14.6,14.7,27.0,28.0,unsafe
538,14.6,14.7,28.0,29.0,unsafe
539,14.6,14.7,29.0,30.0,unsafe
540,14.7,14.8,10.0,11.0,unsafe
541,14.7,14.8,11.0,12.0,unsafe
542,14.7,14.8,12.0,13.0,unsafe
543,14.7,14.8,13.0,14.0,unsafe
544,14.7,14.8,14.0,15.0,unsafe
545,14.7,14.8,15.0,16.0,unsafe
546,14.7,14.8,16.0,17.0,unsafe
547,14.7,14.8,17.0,18.0,unsafe
548,14.7,14.8,18.0,19.0,unsafe
549,14.7,14.8,19.0,20.0,unsafe
550,14.7,14.8,20.0,21.0,unsafe
551,14.7,14.8,21.0,22.0,unsafe
552,14.7,14.8,22.0,23.0,unsafe
553,14.7,14.8,23.0,24.0,unsafe
554,14.7,14.8,24.0,25.0,unsafe
555,14.7,14.8,25.0,26.0,unsafe
556,14.7,14.8,26.0,27.0,unsafe
557,14.7,14.8,27.0,28.0,unsafe
558,14.7,14.8,28.0,29.0,unsafe
559,14.7,14.8,29.0,30.0,unsafe
560,14.8,14.9,10.0,11.0,unsafe
561,14.8,14.9,11.0,12.0,unsafe
562,14.8,14.9,12.0,13.0,unsafe
563,14.8,14.9,13.0,14.0,unsafe
564,14.8,14.9,14.0,15.0,unsafe
565,14.8,14.9,15.0,16.0,unsafe
566,14.8,14.9,16.0,17.0,unsafe
567,14.8,14.9,17.0,18.0,unsafe
568,14.8,14.9,18.0,19.0,unsafe
569,14.8,14.9,19.0,20.0,unsafe
570,14.8,14.9,20.0,21.0,unsafe
571,14.8,14.9,21.0,22.0,unsafe
572,14.8,14.9,22.0,23.0,unsafe
573,14.8,14.9,23.0,24.0,unsafe
574,14.8,14.9,24.0,25.0,unsafe
575,14.8,14.9,25.0,26.0,unsafe
576,14.8,14.9,26.0,27.0,unsafe
577,14.8,14.9,27.0,28.0,unsafe
578,14.8,14.9,28.0,29.0,unsafe
579,14.8,14.9,29.0,30.0,unsafe
580,14.9,15.0,10.0,11.0,unsafe
581,14.9,15.0,11.0,12.0,unsafe
582,14.9,15.0,12.0,13.0,unsafe
583,14.9,15.0,13.0,14.0,unsafe
584,14.9,15.0,14.0,15.0,unsafe
585,14.9,15.0,15.0,16.0,unsafe
586,14.9,15.0,16.0,17.0,unsafe
587,14.9,15.0,17.0,18.0,unsafe
588,14.9,15.0,18.0,19.0,unsafe
589,14.9,15.0,19.0,20.0,unsafe
590,14.9,15.0,20.0,21.0,unsafe
591,14.9,15.0,21.0,22.0,unsafe
592,14.9,15.0,22.0,23.0,unsafe
593,14.9,15.0,23.0,24.0,unsafe
594,14.9,15.0,24.0,25.0,unsafe
595,14.9,15.0,25.0,26.0,unsafe
596,14.9,15.0,26.0,27.0,unsafe
597,14.9,15.0,27.0,28.0,unsafe
598,14.9,15.0,28.0,29.0,unsafe
599,14.9,15.0,29.0,30.0,unsafe
600,15.0,15.1,10.0,11.0,unsafe
601,15.0,15.1,11.0,12.0,unsafe
602,15.0,15.1,12.0,13.0,unsafe
603,15.0,15.1,13.0,14.0,unsafe
604,15.0,15.1,14.0,15.0,unsafe
605,15.0,15.1,15.0,16.0,unsafe
606,15.0,15.1,16.0,17.0,unsafe
607,15.0,15.1,17.0,18.0,unsafe
608,15.0,15.1,18.0,19.0,unsafe
609,15.0,15.1,19.0,20.0,unsafe
610,15.0,15.1,20.0,21.0,unsafe
611,15.0,15.1,21.0,22.0,unsafe
612,15.0,15.1,22.0,23.0,unsafe
613,15.0,15.1,23.0,24.0,unsafe
614,15.0,15.1,24.0,25.0,unsafe
615,15.0,15.1,25.0,26.0,unsafe
616,15.0,15.1,26.0,27.0,unsafe
617,15.0,15.1,27.0,28.0,unsafe
618,15.0,15.1,28.0,29.0,unsafe
619,15.0,15.1,29.0,30.0,unsafe
620,15.1,15.2,10.0,11.0,unsafe
621,15.1,15.2,11.0,12.0,unsafe
622,15.1,15.2,12.0,13.0,unsafe
623,15.1,15.2,13.0,14.0,unsafe
624,15.1,15.2,14.0,15.0,unsafe
625,15.1,15.2,15.0,16.0,unsafe
626,15.1,15.2,16.0,17.0,unsafe
627,15.1,15.2,17.0,18.0,unsafe
628,15.1,15.2,18.0,19.0,unsafe
629,15.1,15.2,19.0,20.0,unsafe
630,15.1,15.2,20.0,21.0,unsafe
631,15.1,15.2,21.0,22.0,unsafe
632,15.1,15.2,22.0,23.0,unsafe
633,15.1,15.2,23.0,24.0,unsafe
634,15.1,15.2,24.0,25.0,unsafe
635,15.1,15.2,25.0,26.0,unsafe
636,15.1,15.2,26.0,27.0,unsafe
637,15.1,15.2,27.0,28.0,unsafe
638,15.1,15.2,28.0,29.0,unsafe
639,15.1,15.2,29.0,30.0,unsafe
640,15.2,15.3,10.0,11.0,unsafe
641,15.2,15.3,11.0,12.0,unsafe
642,15.2,15.3,12.0,13.0,unsafe
643,15.2,15.3,13.0,14.0,unsafe
644,15.2,15.3,14.0,15.0,unsafe
645,15.2,15.3,15.0,16.0,unsafe
646,15.2,15.3,16.0,17.0,unsafe
647,15.2,15.3,17.0,18.0,unsafe
648,15.2,15.3,18.0,19.0,unsafe
649,15.2,15.3,19.0,20.0,unsafe
650,15.2,15.3,20.0,21.0,unsafe
651,15.2,15.3,21.0,22.0,unsafe
652,15.2,15.3,22.0,23.0,unsafe
653,15.2,15.3,23.0,24.0,unsafe
654,15.2,15.3,24.0,25.0,unsafe
655,15.2,15.3,25.0,26.0,unsafe
656,15.2,15.3,26.0,27.0,unsafe
657,15.2,15.3,27.0,28.0,unsafe
658,15.2,15.3,28.0,29.0,unsafe
659,15.2,15.3,29.0,30.0,unsafe
660,15.3,15.4,10.0,11.0,unsafe
661,15.3,15.4,11.0,12.0,unsafe
662,15.3,15.4,12.0,13.0,unsafe
663,15.3,15.4,13.0,14.0,unsafe
664,15.3,15.4,14.0,15.0,unsafe
665,15.3,15.4,15.0,16.0,unsafe
666,15.3,15.4,16.0,17.0,unsafe
667,15.3,15.4,17.0,18.0,unsafe
668,15.3,15.4,18.0,19.0,unsafe
669,15.3,15.4,19.0,20.0,unsafe
670,15.3,15.4,20.0,21.0,unsafe
671,15.3,15.4,21.0,22.0,unsafe
672,15.3,15.4,22.0,23.0,unsafe
673,15.3,15.4,23.0,24.0,unsafe
674,15.3,15.4,24.0,25.0,unsafe
675,15.3,15.4,25.0,26.0,unsafe
676,15.3,15.4,26.0,27.0,unsafe
677,15.3,15.4,27.0,28.0,unsafe
678,15.3,15.4,28.0,29.0,unsafe
679,15.3,15.4,29.0,30.0,unsafe
680,15.4,15.5,10.0,11.0,unsafe
681,15.4,15.5,11.0,12.0,unsafe
682,15.4,15.5,12.0,13.0,unsafe
683,15.4,15.5,13.0,14.0,unsafe
684,15.4,15.5,14.0,15.0,unsafe
685,15.4,15.5,15.0,16.0,unsafe
686,15.4,15.5,16.0,17.0,unsafe
687,15.4,15.5,17.0,18.0,unsafe
688,15.4,15.5,18.0,19.0,unsafe
689,15.4,15.5,19.0,20.0,unsafe
690,15.4,15.5,20.0,21.0,unsafe
691,15.4,15.5,21.0,22.0,unsafe
692,15.4,15.5,22.0,23.0,unsafe
693,15.4,15.5,23.0,24.0,unsafe
694,15.4,15.5,24.0,25.0,unsafe
695,15.4,15.5,25.0,26.0,unsafe
696,15.4,15.5,26.0,27.0,unsafe
697,15.4,15.5,27.0,28.0,unsafe
698,15.4,15.5,28.0,29.0,unsafe
699,15.4,15.5,29.0,30.0,unsafe
700,15.5,15.6,10.0,11.0,unsafe
701,15.5,15.6,11.0,12.0,unsafe
702,15.5,15.6,12.0,13.0,unsafe
703,15.5,15.6,13.0,14.0,unsafe
704,15.5,15.6,14.0,15.0,unsafe
705,15.5,15.6,15.0,16.0,unsafe
706,15.5,15.6,16.0,17.0,unsafe
707,15.5,15.6,17.0,18.0,unsafe
708,15.5,15.6,18.0,19.0,unsafe
709,15.5,15.6,19.0,20.0,unsafe
710,15.5,15.6,20.0,21.0,unsafe
711,15.5,15.6,21.0,22.0,unsafe
712,15.5,15.6,22.0,23.0,unsafe
713,15.5,15.6,23.0,24.0,unsafe
714,15.5,15.6,24.0,25.0,unsafe
715,15.5,15.6,25.0,26.0,unsafe
716,15.5,15.6,26.0,27.0,unsafe
717,15.5,15.6,27.0,28.0,unsafe
718,15.5,15.6,28.0,29.0,unsafe
719,15.5,15.6,29.0,30.0,unsafe
720,15.6,15.7,10.0,11.0,unsafe
721,15.6,15.7,11.0,12.0,unsafe
722,15.6,15.7,12.0,13.0,unsafe
723,15.6,15.7,13.0,14.0,unsafe
724,15.6,15.7,14.0,15.0,unsafe
725,15.6,15.7,15.0,16.0,unsafe
726,15.6,15.7,16.0,17.0,unsafe
727,15.6,15.7,17.0,18.0,unsafe
728,15.6,15.7,18.0,19.0,unsafe
729,15.6,15.7,19.0,20.0,unsafe
730,15.6,15.7,20.0,21.0,unsafe
731,15.6,15.7,21.0,22.0,unsafe
732,15.6,15.7,22.0,23.0,unsafe
733,15.6,15.7,23.0,24.0,unsafe
734,15.6,15.7,24.0,25.0,unsafe
735,15.6,15.7,25.0,26.0,unsafe
736,15.6,15.7,26.0,27.0,unsafe
737,15.6,15.7,27.0,28.0,unsafe
738,15.6,15.7,28.0,29.0,unsafe
739,15.6,15.7,29.0,30.0,unsafe
740,15.7,15.8,10.0,11.0,unsafe
741,15.7,15.8,11.0,12.0,unsafe
742,15.7,15.8,12.0,13.0,unsafe
743,15.7,15.8,13.0,14.0,unsafe
744,15.7,15.8,14.0,15.0,unsafe
745,15.7,15.8,15.0,16.0,unsafe
746,15.7,15.8,16.0,17.0,unsafe
747,15.7,15.8,17.0,18.0,unsafe
748,15.7,15.8,18.0,19.0,unsafe
749,15.7,15.8,19.0,20.0,unsafe
750,15.7,15.8,20.0,21.0,unsafe
751,15.7,15.8,21.0,22.0,unsafe
752,15.7,15.8,22.0,23.0,unsafe
753,15.7,15.8,23.0,24.0,unsafe
754,15.7,15.8,24.0,25.0,unsafe
755,15.7,15.8,25.0,26.0,unsafe
756,15.7,15.8,26.0,27.0,unsafe
757,15.7,15.8,27.0,28.0,unsafe
758,15.7,15.8,28.0,29.0,unsafe
759,15.7,15.8,29.0,30.0,unsafe
760,15.8,15.9,10.0,11.0,unsafe
761,15.8,15.9,11.0,12.0,unsafe
762,15.8,15.9,12.0,13.0,unsafe
763,15.8,15.9,13.0,14.0,unsafe
764,15.8,15.9,14.0,15.0,unsafe
765,15.8,15.9,15.0,16.0,unsafe
766,15.8,15.9,16.0,17.0,unsafe
767,15.8,15.9,17.0,18.0,unsafe
768,15.8,15.9,18.0,19.0,unsafe
769,15.8,15.9,19.0,20.0,unsafe
770,15.8,15.9,20.0,21.0,unsafe
771,15.8,15.9,21.0,22.0,unsafe
772,15.8,15.9,22.0,23.0,unsafe
773,15.8,15.9,23.0,24.0,unsafe
774,15.8,15.9,24.0,25.0,unsafe
775,15.8,15.9,25.0,26.0,unsafe
776,15.8,15.9,26.0,27.0,unsafe
777,15.8,15.9,27.0,28.0,unsafe
778,15.8,15.9,28.0,29.0,unsafe
779,15.8,15.9,29.0,30.0,unsafe
780,15.9,16.0,10.0,11.0,unsafe
781,15.9,16.0,11.0,12.0,unsafe
782,15.9,16.0,12.0,13.0,unsafe
783,15.9,16.0,13.0,14.0,unsafe
784,15.9,16.0,14.0,15.0,unsafe
785,15.9,16.0,15.0,16.0,unsafe
786,15.9,16.0,16.0,17.0,unsafe
787,15.9,16.0,17.0,18.0,unsafe
788,15.9,16.0,18.0,19.0,unsafe
789,15.9,16.0,19.0,20.0,unsafe
790,15.9,16.0,20.0,21.0,unsafe
791,15.9,16.0,21.0,22.0,unsafe
792,15.9,16.0,22.0,23.0,unsafe
793,15.9,16.0,23.0,24.0,unsafe
794,15.9,16.0,24.0,25.0,unsafe
795,15.9,16.0,25.0,26.0,unsafe
796,15.9,16.0,26.0,27.0,unsafe
797,15.9,16.0,27.0,28.0,unsafe
798,15.9,16.0,28.0,29.0,unsafe
799,15.9,16.0,29.0,30.0,unsafe
800,16.0,16.1,10.0,11.0,unsafe
801,16.0,16.1,11.0,12.0,unsafe
802,16.0,16.1,12.0,13.0,unsafe
803,16.0,16.1,13.0,14.0,unsafe
804,16.0,16.1,14.0,15.0,unsafe
805,16.0,16.1,15.0,16.0,unsafe
806,16.0,16.1,16.0,17.0,unsafe
807,16.0,16.1,17.0,18.0,unsafe
808,16.0,16.1,18.0,19.0,unsafe
809,16.0,16.1,19.0,20.0,unsafe
810,16.0,16.1,20.0,21.0,unsafe
811,16.0,16.1,21.0,22.0,unsafe
812,16.0,16.1,22.0,23.0,unsafe
813,16.0,16.1,23.0,24.0,unsafe
814,16.0,16.1,24.0,25.0,unsafe
815,16.0,16.1,25.0,26.0,unsafe
816,16.0,16.1,26.0,27.0,unsafe
817,16.0,16.1,27.0,28.0,unsafe
818,16.0,16.1,28.0,29.0,unsafe
819,16.0,16.1,29.0,30.0,unsafe
820,16.1,16.2,10.0,11.0,unsafe
821,16.1,16.2,11.0,12.0,unsafe
822,16.1,16.2,12.0,13.0,unsafe
823,16.1,16.2,13.0,14.0,unsafe
824,16.1,16.2,14.0,15.0,unsafe
825,16.1,16.2,15.0,16.0,unsafe
826,16.1,16.2,16.0,17.0,unsafe
827,16.1,16.2,17.0,18.0,unsafe
828,16.1,16.2,18.0,19.0,unsafe
829,16.1,16.2,19.0,20.0,unsafe
830,16.1,16.2,20.0,21.0,unsafe
831,16.1,16.2,21.0,22.0,unsafe
832,16.1,16.2,22.0,23.0,unsafe
833,16.1,16.2,23.0,24.0,unsafe
834,16.1,16.2,24.0,25.0,unsafe
835,16.1,16.2,25.0,26.0,unsafe
836,16.1,16.2,26.0,27.0,unsafe
837,16.1,16.2,27.0,28.0,unsafe
838,16.1,16.2,28.0,29.0,unsafe
839,16.1,16.2,29.0,30.0,unsafe
840,16.2,16.3,10.0,11.0,unsafe
841,16.2,16.3,11.0,12.0,unsafe
842,16.2,16.3,12.0,13.0,unsafe
843,16.2,16.3,13.0,14.0,unsafe
844,16.2,16.3,14.0,15.0,unsafe
845,16.2,16.3,15.0,16.0,unsafe
846,16.2,16.3,16.0,17.0,unsafe
847,16.2,16.3,17.0,18.0,unsafe
848,16.2,16.3,18.0,19.0,unsafe
849,16.2,16.3,19.0,20.0,unsafe
850,16.2,16.3,20.0,21.0,unsafe
851,16.2,16.3,21.0,22.0,unsafe
852,16.2,16.3,22.0,23.0,unsafe
853,16.2,16.3,23.0,24.0,unsafe
854,16.2,16.3,24.0,25.0,unsafe
855,16.2,16.3,25.0,26.0,unsafe
856,16.2,16.3,26.0,27.0,unsafe
857,16.2,16.3,27.0,28.0,unsafe
858,16.2,16.3,28.0,29.0,unsafe
859,16.2,16.3,29.0,30.0,unsafe
860,16.3,16.4,10.0,11.0,unsafe
861,16.3,16.4,11.0,12.0,unsafe
862,16.3,16.4,12.0,13.0,unsafe
863,16.3,16.4,13.0,14.0,unsafe
864,16.3,16.4,14.0,15.0,unsafe
865,16.3,16.4,15.0,16.0,unsafe
866,16.3,16.4,16.0,17.0,unsafe
867,16.3,16.4,17.0,18.0,unsafe
868,16.3,16.4,18.0,19.0,unsafe
869,16.3,16.4,19.0,20.0,unsafe
870,16.3,16.4,20.0,21.0,unsafe
871,16.3,16.4,21.0,22.0,unsafe
872,16.3,16.4,22.0,23.0,unsafe
873,16.3,16.4,23.0,24.0,unsafe
874,16.3,16.4,24.0,25.0,unsafe
875,16.3,16.4,25.0,26.0,unsafe
876,16.3,16.4,26.0,27.0,unsafe
877,16.3,16.4,27.0,28.0,unsafe
878,16.3,16.4,28.0,29.0,unsafe
879,16.3,16.4,29.0,30.0,unsafe
880,16.4,16.5,10.0,11.0,unsafe
881,16.4,16.5,11.0,12.0,unsafe
882,16.4,16.5,12.0,13.0,unsafe
883,16.4,16.5,13.0,14.0,unsafe
884,16.4,16.5,14.0,15.0,unsafe
885,16.4,16.5,15.0,16.0,unsafe
886,16.4,16.5,16.0,17.0,unsafe
887,16.4,16.5,17.0,18.0,unsafe
888,16.4,16.5,18.0,19.0,unsafe
889,16.4,16.5,19.0,20.0,unsafe
890,16.4,16.5,20.0,21.0,unsafe
891,16.4,16.5,21.0,22.0,unsafe
892,16.4,16.5,22.0,23.0,unsafe
893,16.4,16.5,23.0,24.0,unsafe
894,16.4,16.5,24.0,25.0,unsafe
895,16.4,16.5,25.0,26.0,unsafe
896,16.4,16.5,26.0,27.0,unsafe
897,16.4,16.5,27.0,28.0,unsafe
898,16.4,16.5,28.0,29.0,unsafe
899,16.4,16.5,29.0,30.0,unsafe
900,16.5,16.6,10.0,11.0,unsafe
901,16.5,16.6,11.0,12.0,unsafe
902,16.5,16.6,12.0,13.0,unsafe
903,16.5,16.6,13.0,14.0,unsafe
904,16.5,16.6,14.0,15.0,unsafe
905,16.5,16.6,15.0,16.0,unsafe
906,16.5,16.6,16.0,17.0,unsafe
907,16.5,16.6,17.0,18.0,unsafe
908,16.5,16.6,18.0,19.0,unsafe
909,16.5,16.6,19.0,20.0,unsafe
910,16.5,16.6,20.0,21.0,unsafe
911,16.5,16.6,21.0,22.0,unsafe
912,16.5,16.6,22.0,23.0,unsafe
913,16.5,16.6,23.0,24.0,unsafe
914,16.5,16.6,24.0,25.0,unsafe
915,16.5,16.6,25.0,26.0,unsafe
916,16.5,16.6,26.0,27.0,unsafe
917,16.5,16.6,27.0,28.0,unsafe
918,16.5,16.6,28.0,29.0,unsafe
919,16.5,16.6,29.0,30.0,unsafe
920,16.6,16.7,10.0,11.0,unsafe
921,16.6,16.7,11.0,12.0,unsafe
922,16.6,16.7,12.0,13.0,unsafe
923,16.6,16.7,13.0,14.0,unsafe
924,16.6,16.7,14.0,15.0,unsafe
925,16.6,16.7,15.0,16.0,unsafe
926,16.6,16.7,16.0,17.0,unsafe
927,16.6,16.7,17.0,18.0,unsafe
928,16.6,16.7,18.0,19.0,unsafe
929,16.6,16.7,19.0,20.0,unsafe
930,16.6,16.7,20.0,21.0,unsafe
931,16.6,16.7,21.0,22.0,unsafe
932,16.6,16.7,22.0,23.0,unsafe
933,16.6,16.7,23.0,24.0,unsafe
934,16.6,16.7,24.0,25.0,unsafe
935,16.6,16.7,25.0,26.0,unsafe
936,16.6,16.7,26.0,27.0,unsafe
937,16.6,16.7,27.0,28.0,unsafe
938,16.6,16.7,28.0,29.0,unsafe
939,16.6,16.7,29.0,30.0,unsafe
940,16.7,16.8,10.0,11.0,unsafe
941,16.7,16.8,11.0,12.0,unsafe
942,16.7,16.8,12.0,13.0,unsafe
943,16.7,16.8,13.0,14.0,unsafe
944,16.7,16.8,14.0,15.0,unsafe
945,16.7,16.8,15.0,16.0,unsafe
946,16.7,16.8,16.0,17.0,unsafe
947,16.7,16.8,17.0,18.0,unsafe
948,16.7,16.8,18.0,19.0,unsafe
949,16.7,16.8,19.0,20.0,unsafe
950,16.7,16.8,20.0,21.0,unsafe
951,16.7,16.8,21.0,22.0,unsafe
952,16.7,16.8,22.0,23.0,unsafe
953,16.7,16.8,23.0,24.0,unsafe
954,16.7,16.8,24.0,25.0,unsafe
955,16.7,16.8,25.0,26.0,unsafe
956,16.7,16.8,26.0,27.0,unsafe
957,16.7,16.8,27.0,28.0,unsafe
958,16.7,16.8,28.0,29.0,unsafe
959,16.7,16.8,29.0,30.0,unsafe
960,16.8,16.9,10.0,11.0,unsafe
961,16.8,16.9,11.0,12.0,unsafe
962,16.8,16.9,12.0,13.0,unsafe
963,16.8,16.9,13.0,14.0,unsafe
964,16.8,16.9,14.0,15.0,unsafe
965,16.8,16.9,15.0,16.0,unsafe
966,16.8,16.9,16.0,17.0,unsafe
967,16.8,16.9,17.0,18.0,unsafe
968,16.8,16.9,18.0,19.0,unsafe
969,16.8,16.9,19.0,20.0,unsafe
970,16.8,16.9,20.0,21.0,unsafe
971,16.8,16.9,21.0,22.0,unsafe
972,16.8,16.9,22.0,23.0,unsafe
973,16.8,16.9,23.0,24.0,unsafe
974,16.8,16.9,24.0,25.0,unsafe
975,16.8,16.9,25.0,26.0,unsafe
976,16.8,16.9,26.0,27.0,unsafe
977,16.8,16.9,27.0,28.0,unsafe
978,16.8,16.9,28.0,29.0,unsafe
979,16.8,16.9,29.0,30.0,unsafe
980,16.9,17.0,10.0,11.0,unsafe
981,16.9,17.0,11.0,12.0,unsafe
982,16.9,17.0,12.0,13.0,unsafe
983,16.9,17.0,13.0,14.0,unsafe
984,16.9,17.0,14.0,15.0,unsafe
985,16.9,17.0,15.0,16.0,unsafe
986,16.9,17.0,16.0,17.0,unsafe
987,16.9,17.0,17.0,18.0,unsafe
988,16.9,17.0,18.0,19.0,unsafe
989,16.9,17.0,19.0,20.0,unsafe
990,16.9,17.0,20.0,21.0,unsafe
991,16.9,17.0,21.0,22.0,unsafe
992,16.9,17.0,22.0,23.0,unsafe
993,16.9,17.0,23.0,24.0,unsafe
994,16.9,17.0,24.0,25.0,unsafe
995,16.9,17.0,25.0,26.0,unsafe
996,16.9,17.0,26.0,27.0,unsafe
997,16.9,17.0,27.0,28.0,unsafe
998,16.9,17.0,28.0,29.0,unsafe
999,16.9,17.0,29.0,30.0,unsafe
1000,17.0,17.1,10.0,11.0,unsafe
1001,17.0,17.1,11.0,12.0,unsafe
1002,17.0,17.1,12.0,13.0,unsafe
1003,17.0,17.1,13.0,14.0,unsafe
1004,17.0,17.1,14.0,15.0,unsafe
1005,17.0,17.1,15.0,16.0,unsafe
1006,17.0,17.1,16.0,17.0,unsafe
1007,17.0,17.1,17.0,18.0,unsafe
1008,17.0,17.1,18.0,19.0,unsafe
1009,17.0,17.1,19.0,20.0,unsafe
1010,17.0,17.1,20.0,21.0,unsafe
1011,17.0,17.1,21.0,22.0,unsafe
1012,17.0,17.1,22.0,23.0,unsafe
1013,17.0,17.1,23.0,24.0,unsafe
1014,17.0,17.1,24.0,25.0,unsafe
1015,17.0,17.1,25.0,26.0,unsafe
1016,17.0,17.1,26.0,27.0,unsafe
1017,17.0,17.1,27.0,28.0,unsafe
1018,17.0,17.1,28.0,29.0,unsafe
1019,17.0,17.1,29.0,30.0,unsafe
1020,17.1,17.2,10.0,11.0,unsafe
1021,17.1,17.2,11.0,12.0,unsafe
1022,17.1,17.2,12.0,13.0,unsafe
1023,17.1,17.2,13.0,14.0,unsafe
1024,17.1,17.2,14.0,15.0,unsafe
1025,17.1,17.2,15.0,16.0,unsafe
1026,17.1,17.2,16.0,17.0,unsafe
1027,17.1,17.2,17.0,18.0,unsafe
1028,17.1,17.2,18.0,19.0,unsafe
1029,17.1,17.2,19.0,20.0,unsafe
1030,17.1,17.2,20.0,21.0,unsafe
1031,17.1,17.2,21.0,22.0,unsafe
1032,17.1,17.2,22.0,23.0,unsafe
1033,17.1,17.2,23.0,24.0,unsafe
1034,17.1,17.2,24.0,25.0,unsafe
1035,17.1,17.2,25.0,26.0,unsafe
1036,17.1,17.2,26.0,27.0,unsafe
1037,17.1,17.2,27.0,28.0,unsafe
1038,17.1,17.2,28.0,29.0,unsafe
1039,17.1,17.2,29.0,30.0,unsafe
1040,17.2,17.3,10.0,11.0,unsafe
1041,17.2,17.3,11.0,12.0,unsafe
1042,17.2,17.3,12.0,13.0,unsafe
1043,17.2,17.3,13.0,14.0,unsafe
1044,17.2,17.3,14.0,15.0,unsafe
1045,17.2,17.3,15.0,16.0,unsafe
1046,17.2,17.3,16.0,17.0,unsafe
1047,17.2,17.3,17.0,18.0,unsafe
1048,17.2,17.3,18.0,19.0,unsafe
1049,17.2,17.3,19.0,20.0,unsafe
1050,17.2,17.3,20.0,21.0,unsafe
1051,17.2,17.3,21.0,22.0,unsafe
1052,17.2,17.3,22.0,23.0,unsafe
1053,17.2,17.3,23.0,24.0,unsafe
1054,17.2,17.3,24.0,25.0,unsafe
1055,17.2,17.3,25.0,26.0,unsafe
1056,17.2,17.3,26.0,27.0,unsafe
1057,17.2,17.3,27.0,28.0,unsafe
1058,17.2,17.3,28.0,29.0,unsafe
1059,17.2,17.3,29.0,30.0,unsafe
1060,17.3,17.4,10.0,11.0,unsafe
1061,17.3,17.4,11.0,12.0,unsafe
1062,17.3,17.4,12.0,13.0,unsafe
1063,17.3,17.4,13.0,14.0,unsafe
1064,17.3,17.4,14.0,15.0,unsafe
1065,17.3,17.4,15.0,16.0,unsafe
1066,17.3,17.4,16.0,17.0,unsafe
1067,17.3,17.4,17.0,18.0,unsafe
1068,17.3,17.4,18.0,19.0,unsafe
1069,17.3,17.4,19.0,20.0,unsafe
1070,17.3,17.4,20.0,21.0,unsafe
1071,17.3,17.4,21.0,22.0,unsafe
1072,17.3,17.4,22.0,23.0,unsafe
1073,17.3,17.4,23.0,24.0,unsafe
1074,17.3,17.4,24.0,25.0,unsafe
1075,17.3,17.4,25.0,26.0,unsafe
1076,17.3,17.4,26.0,27.0,unsafe
1077,17.3,17.4,27.0,28.0,unsafe
1078,17.3,17.4,28.0,29.0,unsafe
1079,17.3,17.4,29.0,30.0,unsafe
1080,17.4,17.5,10.0,11.0,unsafe
1081,17.4,17.5,11.0,12.0,unsafe
1082,17.4,17.5,12.0,13.0,unsafe
1083,17.4,17.5,13.0,14.0,unsafe
1084,17.4,17.5,14.0,15.0,unsafe
1085,17.4,17.5,15.0,16.0,unsafe
1086,17.4,17.5,16.0,17.0,unsafe
1087,17.4,17.5,17.0,18.0,unsafe
1088,17.4,17.5,18.0,19.0,unsafe
1089,17.4,17.5,19.0,20.0,unsafe
1090,17.4,17.5,20.0,21.0,unsafe
1091,17.4,17.5,21.0,22.0,unsafe
1092,17.4,17.5,22.0,23.0,unsafe
1093,17.4,17.5,23.0,24.0,unsafe
1094,17.4,17.5,24.0,25.0,unsafe
1095,17.4,17.5,25.0,26.0,unsafe
1096,17.4,17.5,26.0,27.0,unsafe
1097,17.4,17.5,27.0,28.0,unsafe
1098,17.4,17.5,28.0,29.0,unsafe
1099,17.4,17.5,29.0,30.0,unsafe
1100,17.5,17.6,10.0,11.0,unsafe
1101,17.5,17.6,11.0,12.0,unsafe
1102,17.5,17.6,12.0,13.0,unsafe
1103,17.5,17.6,13.0,14.0,unsafe
1104,17.5,17.6,14.0,15.0,unsafe
1105,17.5,17.6,15.0,16.0,unsafe
1106,17.5,17.6,16.0,17.0,unsafe
1107,17.5,17.6,17.0,18.0,unsafe
1108,17.5,17.6,18.0,19.0,unsafe
1109,17.5,17.6,19.0,20.0,unsafe
1110,17.5,17.6,20.0,21.0,unsafe
1111,17.5,17.6,21.0,22.0,unsafe
1112,17.5,17.6,22.0,23.0,unsafe
1113,17.5,17.6,23.0,24.0,unsafe
1114,17.5,17.6,24.0,25.0,unsafe
1115,17.5,17.6,25.0,26.0,unsafe
1116,17.5,17.6,26.0,27.0,unsafe
1117,17.5,17.6,27.0,28.0,unsafe
1118,17.5,17.6,28.0,29.0,unsafe
1119,17.5,17.6,29.0,30.0,unsafe
1120,17.6,17.7,10.0,11.0,unsafe
1121,17.6,17.7,11.0,12.0,unsafe
1122,17.6,17.7,12.0,13.0,unsafe
1123,17.6,17.7,13.0,14.0,unsafe
1124,17.6,17.7,14.0,15.0,unsafe
1125,17.6,17.7,15.0,16.0,unsafe
1126,17.6,17.7,16.0,17.0,unsafe
1127,17.6,17.7,17.0,18.0,unsafe
1128,17.6,17.7,18.0,19.0,unsafe
1129,17.6,17.7,19.0,20.0,unsafe
1130,17.6,17.7,20.0,21.0,unsafe
1131,17.6,17.7,21.0,22.0,unsafe
1132,17.6,17.7,22.0,23.0,unsafe
1133,17.6,17.7,23.0,24.0,unsafe
1134,17.6,17.7,24.0,25.0,unsafe
1135,17.6,17.7,25.0,26.0,unsafe
1136,17.6,17.7,26.0,27.0,unsafe
1137,17.6,17.7,27.0,28.0,unsafe
1138,17.6,17.7,28.0,29.0,unsafe
1139,17.6,17.7,29.0,30.0,unsafe
1140,17.7,17.8,10.0,11.0,unsafe
1141,17.7,17.8,11.0,12.0,unsafe
1142,17.7,17.8,12.0,13.0,unsafe
1143,17.7,17.8,13.0,14.0,unsafe
1144,17.7,17.8,14.0,15.0,unsafe
1145,17.7,17.8,15.0,16.0,unsafe
1146,17.7,17.8,16.0,17.0,unsafe
1147,17.7,17.8,17.0,18.0,unsafe
1148,17.7,17.8,18.0,19.0,unsafe
1149,17.7,17.8,19.0,20.0,unsafe
1150,17.7,17.8,20.0,21.0,unsafe
1151,17.7,17.8,21.0,22.0,unsafe
1152,17.7,17.8,22.0,23.0,unsafe
1153,17.7,17.8,23.0,24.0,unsafe
1154,17.7,17.8,24.0,25.0,unsafe
1155,17.7,17.8,25.0,26.0,unsafe
1156,17.7,17.8,26.0,27.0,unsafe
1157,17.7,17.8,27.0,28.0,unsafe
1158,17.7,17.8,28.0,29.0,unsafe
1159,17.7,17.8,29.0,30.0,unsafe
1160,17.8,17.9,10.0,11.0,unsafe
1161,17.8,17.9,11.0,12.0,unsafe
1162,17.8,17.9,12.0,13.0,unsafe
1163,17.8,17.9,13.0,14.0,unsafe
1164,17.8,17.9,14.0,15.0,unsafe
1165,17.8,17.9,15.0,16.0,unsafe
1166,17.8,17.9,16.0,17.0,unsafe
1167,17.8,17.9,17.0,18.0,unsafe
1168,17.8,17.9,18.0,19.0,unsafe
1169,17.8,17.9,19.0,20.0,unsafe
1170,17.8,17.9,20.0,21.0,unsafe
1171,17.8,17.9,21.0,22.0,unsafe
1172,17.8,17.9,22.0,23.0,unsafe
1173,17.8,17.9,23.0,24.0,unsafe
1174,17.8,17.9,24.0,25.0,unsafe
1175,17.8,17.9,25.0,26.0,unsafe
1176,17.8,17.9,26.0,27.0,unsafe
1177,17.8,17.9,27.0,28.0,unsafe
1178,17.8,17.9,28.0,29.0,unsafe
1179,17.8,17.9,29.0,30.0,unsafe
1180,17.9,18.0,10.0,11.0,unsafe
1181,17.9,18.0,11.0,12.0,unsafe
1182,17.9,18.0,12.0,13.0,unsafe
1183,17.9,18.0,13.0,14.0,unsafe
1184,17.9,18.0,14.0,15.0,unsafe
1185,17.9,18.0,15.0,16.0,unsafe
1186,17.9,18.0,16.0,17.0,unsafe
1187,17.9,18.0,17.0,18.0,unsafe
1188,17.9,18.0,18.0,19.0,unsafe
1189,17.9,18.0,19.0,20.0,unsafe
1190,17.9,18.0,20.0,21.0,unsafe
1191,17.9,18.0,21.0,22.0,unsafe
1192,17.9,18.0,22.0,23.0,unsafe
1193,17.9,18.0,23.0,24.0,unsafe
1194,17.9,18.0,24.0,25.0,unsafe
1195,17.9,18.0,25.0,26.0,unsafe
1196,17.9,18.0,26.0,27.0,unsafe
1197,17.9,18.0,27.0,28.0,unsafe
1198,17.9,18.0,28.0,29.0,unsafe
1199,17.9,18.0,29.0,30.0,unsafe
1200,18.0,18.1,10.0,11.0,unsafe
1201,18.0,18.1,11.0,12.0,unsafe
1202,18.0,18.1,12.0,13.0,unsafe
1203,18.0,18.1,13.0,14.0,unsafe
1204,18.0,18.1,14.0,15.0,unsafe
1205,18.0,18.1,15.0,16.0,unsafe
1206,18.0,18.1,16.0,17.0,unsafe
1207,18.0,18.1,17.0,18.0,unsafe
1208,18.0,18.1,18.0,19.0,unsafe
1209,18.0,18.1,19.0,20.0,unsafe
1210,18.0,18.1,20.0,21.0,unsafe
1211,18.0,18.1,21.0,22.0,unsafe
1212,18.0,18.1,22.0,23.0,unsafe
1213,18.0,18.1,23.0,24.0,unsafe
1214,18.0,18.1,24.0,25.0,unsafe
1215,18.0,18.1,25.0,26.0,unsafe
1216,18.0,18.1,26.0,27.0,unsafe
1217,18.0,18.1,27.0,28.0,unsafe
1218,18.0,18.1,28.0,29.0,unsafe
1219,18.0,18.1,29.0,30.0,unsafe
1220,18.1,18.2,10.0,11.0,unsafe
1221,18.1,18.2,11.0,12.0,unsafe
1222,18.1,18.2,12.0,13.0,unsafe
1223,18.1,18.2,13.0,14.0,unsafe
1224,18.1,18.2,14.0,15.0,unsafe
1225,18.1,18.2,15.0,16.0,unsafe
1226,18.1,18.2,16.0,17.0,unsafe
1227,18.1,18.2,17.0,18.0,unsafe
1228,18.1,18.2,18.0,19.0,unsafe
1229,18.1,18.2,19.0,20.0,unsafe
1230,18.1,18.2,20.0,21.0,unsafe
1231,18.1,18.2,21.0,22.0,unsafe
1232,18.1,18.2,22.0,23.0,unsafe
1233,18.1,18.2,23.0,24.0,unsafe
1234,18.1,18.2,24.0,25.0,unsafe
1235,18.1,18.2,25.0,26.0,unsafe
1236,18.1,18.2,26.0,27.0,unsafe
1237,18.1,18.2,27.0,28.0,unsafe
1238,18.1,18.2,28.0,29.0,unsafe
1239,18.1,18.2,29.0,30.0,unsafe
1240,18.2,18.3,10.0,11.0,unknown
1241,18.2,18.3,11.0,12.0,unsafe
1242,18.2,18.3,12.0,13.0,unsafe
1243,18.2,18.3,13.0,14.0,unsafe
1244,18.2,18.3,14.0,15.0,unsafe
1245,18.2,18.3,15.0,16.0,unsafe
1246,18.2,18.3,16.0,17.0,unsafe
1247,18.2,18.3,17.0,18.0,unsafe
1248,18.2,18.3,18.0,19.0,unsafe
1249,18.2,18.3,19.0,20.0,unsafe
1250,18.2,18.3,20.0,21.0,unsafe
1251,18.2,18.3,21.0,22.0,unsafe
1252,18.2,18.3,22.0,23.0,unsafe
1253,18.2,18.3,23.0,24.0,unsafe
1254,18.2,18.3,24.0,25.0,unsafe
1255,18.2,18.3,25.0,26.0,unsafe
1256,18.2,18.3,26.0,27.0,unsafe
1257,18.2,18.3,27.0,28.0,unsafe
1258,18.2,18.3,28.0,29.0,unsafe
1259,18.2,18.3,29.0,30.0,unsafe
1260,18.3,18.4,10.0,11.0,unknown
1261,18.3,18.4,11.0,12.0,unsafe
1262,18.3,18.4,12.0,13.0,unsafe
1263,18.3,18.4,13.0,14.0,unsafe
1264,18.3,18.4,14.0,15.0,unsafe
1265,18.3,18.4,15.0,16.0,unsafe
1266,18.3,18.4,16.0,17.0,unsafe
1267,18.3,18.4,17.0,18.0,unsafe
1268,18.3,18.4,18.0,19.0,unsafe
1269,18.3,18.4,19.0,20.0,unsafe
1270,18.3,18.4,20.0,21.0,unsafe
1271,18.3,18.4,21.0,22.0,unsafe
1272,18.3,18.4,22.0,23.0,unsafe
1273,18.3,18.4,23.0,24.0,unsafe
1274,18.3,18.4,24.0,25.0,unsafe
1275,18.3,18.4,25.0,26.0,unsafe
1276,18.3,18.4,26.0,27.0,unsafe
1277,18.3,18.4,27.0,28.0,unsafe
1278,18.3,18.4,28.0,29.0,unsafe
1279,18.3,18.4,29.0,30.0,unsafe
1280,18.4,18.5,10.0,11.0,unknown
1281,18.4,18.5,11.0,12.0,unsafe
1282,18.4,18.5,12.0,13.0,unsafe
1283,18.4,18.5,13.0,14.0,unsafe
1284,18.4,18.5,14.0,15.0,unsafe
1285,18.4,18.5,15.0,16.0,unsafe
1286,18.4,18.5,16.0,17.0,unsafe
1287,18.4,18.5,17.0,18.0,unsafe
1288,18.4,18.5,18.0,19.0,unsafe
1289,18.4,18.5,19.0,20.0,unsafe
1290,18.4,18.5,20.0,21.0,unsafe
1291,18.4,18.5,21.0,22.0,unsafe
1292,18.4,18.5,22.0,23.0,unsafe
1293,18.4,18.5,23.0,24.0,unsafe
1294,18.4,18.5,24.0,25.0,unsafe
1295,18.4,18.5,25.0,26.0,unsafe
1296,18.4,18.5,26.0,27.0,unsafe
1297,18.4,18.5,27.0,28.0,unsafe
1298,18.4,18.5,28.0,29.0,unsafe
1299,18.4,18.5,29.0,30.0,unsafe
1300,18.5,18.6,10.0,11.0,unknown
1301,18.5,18.6,11.0,12.0,unsafe
1302,18.5,18.6,12.0,13.0,unsafe
1303,18.5,18.6,13.0,14.0,unsafe
1304,18.5,18.6,14.0,15.0,unsafe
1305,18.5,18.6,15.0,16.0,unsafe
1306,18.5,18.6,16.0,17.0,unsafe
1307,18.5,18.6,17.0,18.0,unsafe
1308,18.5,18.6,18.0,19.0,unsafe
1309,18.5,18.6,19.0,20.0,unsafe
1310,18.5,18.6,20.0,21.0,unsafe
1311,18.5,18.6,21.0,22.0,unsafe
1312,18.5,18.6,22.0,23.0,unsafe
1313,18.5,18.6,23.0,24.0,unsafe
1314,18.5,18.6,24.0,25.0,unsafe
1315,18.5,18.6,25.0,26.0,unsafe
1316,18.5,18.6,26.0,27.0,unsafe
1317,18.5,18.6,27.0,28.0,unsafe
1318,18.5,18.6,28.0,29.0,unsafe
1319,18.5,18.6,29.0,30.0,unsafe
1320,18.6,18.7,10.0,11.0,unknown
1321,18.6,18.7,11.0,12.0,unsafe
1322,18.6,18.7,12.0,13.0,unsafe
1323,18.6,18.7,13.0,14.0,unsafe
1324,18.6,18.7,14.0,15.0,unsafe
1325,18.6,18.7,15.0,16.0,unsafe
1326,18.6,18.7,16.0,17.0,unsafe
1327,18.6,18.7,17.0,18.0,unsafe
1328,18.6,18.7,18.0,19.0,unsafe
1329,18.6,18.7,19.0,20.0,unsafe
1330,18.6,18.7,20.0,21.0,unsafe
1331,18.6,18.7,21.0,22.0,unsafe
1332,18.6,18.7,22.0,23.0,unsafe
1333,18.6,18.7,23.0,24.0,unsafe
1334,18.6,18.7,24.0,25.0,unsafe
1335,18.6,18.7,25.0,26.0,unsafe
1336,18.6,18.7,26.0,27.0,unsafe
1337,18.6,18.7,27.0,28.0,unsafe
1338,18.6,18.7,28.0,29.0,unsafe
1339,18.6,18.7,29.0,30.0,unsafe
1340,18.7,18.8,10.0,11.0,unknown
1341,18.7,18.8,11.0,12.0,unknown
1342,18.7,18.8,12.0,13.0,unsafe
1343,18.7,18.8,13.0,14.0,unsafe
1344,18.7,18.8,14.0,15.0,unsafe
1345,18.7,18.8,15.0,16.0,unsafe
1346,18.7,18.8,16.0,17.0,unsafe
1347,18.7,18.8,17.0,18.0,unsafe
1348,18.7,18.8,18.0,19.0,unsafe
1349,18.7,18.8,19.0,20.0,unsafe
1350,18.7,18.8,20.0,21.0,unsafe
1351,18.7,18.8,21.0,22.0,unsafe
1352,18.7,18.8,22.0,23.0,unsafe
1353,18.7,18.8,23.0,24.0,unsafe
1354,18.7,18.8,24.0,25.0,unsafe
1355,18.7,18.8,25.0,26.0,unsafe
1356,18.7,18.8,26.0,27.0,unsafe
1357,18.7,18.8,27.0,28.0,unsafe
1358,18.7,18.8,28.0,29.0,unsafe
1359,18.7,18.8,29.0,30.0,unsafe
1360,18.8,18.9,10.0,11.0,safe
1361,18.8,18.9,11.0,12.0,unknown
1362,18.8,18.9,12.0,13.0,unsafe
1363,18.8,18.9,13.0,14.0,unsafe
1364,18.8,18.9,14.0,15.0,unsafe
1365,18.8,18.9,15.0,16.0,unsafe
1366,18.8,18.9,16.0,17.0,unsafe
1367,18.8,18.9,17.0,18.0,unsafe
1368,18.8,18.9,18.0,19.0,unsafe
1369,18.8,18.9,19.0,20.0,unsafe
1370,18.8,18.9,20.0,21.0,unsafe
1371,18.8,18.9,21.0,22.0,unsafe
1372,18.8,18.9,22.0,23.0,unsafe
1373,18.8,18.9,23.0,24.0,unsafe
1374,18.8,18.9,24.0,25.0,unsafe
1375,18.8,18.9,25.0,26.0,unsafe
1376,18.8,18.9,26.0,27.0,unsafe
1377,18.8,18.9,27.0,28.0,unsafe
1378,18.8,18.9,28.0,29.0,unsafe
1379,18.8,18.9,29.0,30.0,unsafe
1380,18.9,19.0,10.0,11.0,safe
1381,18.9,19.0,11.0,12.0,unknown
1382,18.9,19.0,12.0,13.0,unsafe
1383,18.9,19.0,13.0,14.0,unsafe
1384,18.9,19.0,14.0,15.0,unsafe
1385,18.9,19.0,15.0,16.0,unsafe
1386,18.9,19.0,16.0,17.0,unsafe
1387,18.9,19.0,17.0,18.0,unsafe
1388,18.9,19.0,18.0,19.0,unsafe
1389,18.9,19.0,19.0,20.0,unsafe
1390,18.9,19.0,20.0,21.0,unsafe
1391,18.9,19.0,21.0,22.0,unsafe
1392,18.9,19.0,22.0,23.0,unsafe
1393,18.9,19.0,23.0,24.0,unsafe
1394,18.9,19.0,24.0,25.0,unsafe
1395,18.9,19.0,25.0,26.0,unsafe
1396,18.9,19.0,26.0,27.0,unsafe
1397,18.9,19.0,27.0,28.0,unsafe
1398,18.9,19.0,28.0,29.0,unsafe
1399,18.9,19.0,29.0,30.0,unsafe
1400,19.0,19.1,10.0,11.0,safe
1401,19.0,19.1,11.0,12.0,unknown
1402,19.0,19.1,12.0,13.0,unsafe
1403,19.0,19.1,13.0,14.0,unsafe
1404,19.0,19.1,14.0,15.0,unsafe
1405,19.0,19.1,15.0,16.0,unsafe
1406,19.0,19.1,16.0,17.0,unsafe
1407,19.0,19.1,17.0,18.0,unsafe
1408,19.0,19.1,18.0,19.0,unsafe
1409,19.0,19.1,19.0,20.0,unsafe
1410,19.0,19.1,20.0,21.0,unsafe
1411,19.0,19.1,21.0,22.0,unsafe
1412,19.0,19.1,22.0,23.0,unsafe
1413,19.0,19.1,23.0,24.0,unsafe
1414,19.0,19.1,24.0,25.0,unsafe
1415,19.0,19.1,25.0,26.0,unsafe
1416,19.0,19.1,26.0,27.0,unsafe
1417,19.0,19.1,27.0,28.0,unsafe
1418,19.0,19.1,28.0,29.0,unsafe
1419,19.0,19.1,29.0,30.0,unsafe
1420,19.1,19.2,10.0,11.0,safe
1421,19.1,19.2,11.0,12.0,unknown
1422,19.1,19.2,12.0,13.0,unknown
1423,19.1,19.2,13.0,14.0,unsafe
1424,19.1,19.2,14.0,15.0,unsafe
1425,19.1,19.2,15.0,16.0,unsafe
1426,19.1,19.2,16.0,17.0,unsafe
1427,19.1,19.2,17.0,18.0,unsafe
1428,19.1,19.2,18.0,19.0,unsafe
1429,19.1,19.2,19.0,20.0,unsafe
1430,19.1,19.2,20.0,21.0,unsafe
1431,19.1,19.2,21.0,22.0,unsafe
1432,19.1,19.2,22.0,23.0,unsafe
1433,19.1,19.2,23.0,24.0,unsafe
1434,19.1,19.2,24.0,25.0,unsafe
1435,19.1,19.2,25.0,26.0,unsafe
1436,19.1,19.2,26.0,27.0,unsafe
1437,19.1,19.2,27.0,28.0,unsafe
1438,19.1,19.2,28.0,29.0,unsafe
1439,19.1,19.2,29.0,30.0,unsafe
1440,19.2,19.3,10.0,11.0,safe
1441,19.2,19.3,11.0,12.0,safe
1442,19.2,19.3,12.0,13.0,unknown
1443,19.2,19.3,13.0,14.0,unsafe
1444,19.2,19.3,14.0,15.0,unsafe
1445,19.2,19.3,15.0,16.0,unsafe
1446,19.2,19.3,16.0,17.0,unsafe
1447,19.2,19.3,17.0,18.0,unsafe
1448,19.2,19.3,18.0,19.0,unsafe
1449,19.2,19.3,19.0,20.0,unsafe
1450,19.2,19.3,20.0,21.0,unsafe
1451,19.2,19.3,21.0,22.0,unsafe
1452,19.2,19.3,22.0,23.0,unsafe
1453,19.2,19.3,23.0,24.0,unsafe
1454,19.2,19.3,24.0,25.0,unsafe
1455,19.2,19.3,25.0,26.0,unsafe
1456,19.2,19.3,26.0,27.0,unsafe
1457,19.2,19.3,27.0,28.0,unsafe
1458,19.2,19.3,28.0,29.0,unsafe
1459,19.2,19.3,29.0,30.0,unsafe
1460,19.3,19.4,10.0,11.0,safe
1461,19.3,19.4,11.0,12.0,safe
1462,19.3,19.4,12.0,13.0,unknown
1463,19.3,19.4,13.0,14.0,unsafe
1464,19.3,19.4,14.0,15.0,unsafe
1465,19.3,19.4,15.0,16.0,unsafe
1466,19.3,19.4,16.0,17.0,unsafe
1467,19.3,19.4,17.0,18.0,unsafe
1468,19.3,19.4,18.0,19.0,unsafe
1469,19.3,19.4,19.0,20.0,unsafe
1470,19.3,19.4,20.0,21.0,unsafe
1471,19.3,19.4,21.0,22.0,unsafe
1472,19.3,19.4,22.0,23.0,unsafe
1473,19.3,19.4,23.0,24.0,unsafe
1474,19.3,19.4,24.0,25.0,unsafe
1475,19.3,19.4,25.0,26.0,unsafe
1476,19.3,19.4,26.0,27.0,unsafe
1477,19.3,19.4,27.0,28.0,unsafe
1478,19.3,19.4,28.0,29.0,unsafe
1479,19.3,19.4,29.0,30.0,unsafe
1480,19.4,19.5,10.0,11.0,safe
1481,19.4,19.5,11.0,12.0,safe
1482,19.4,19.5,12.0,13.0,unknown
1483,19.4,19.5,13.0,14.0,unsafe
1484,19.4,19.5,14.0,15.0,unsafe
1485,19.4,19.5,15.0,16.0,unsafe
1486,19.4,19.5,16.0,17.0,unsafe
1487,19.4,19.5,17.0,18.0,unsafe
1488,19.4,19.5,18.0,19.0,unsafe
1489,19.4,19.5,19.0,20.0,unsafe
1490,19.4,19.5,20.0,21.0,unsafe
1491,19.4,19.5,21.0,22.0,unsafe
1492,19.4,19.5,22.0,23.0,unsafe
1493,19.4,19.5,23.0,24.0,unsafe
1494,19.4,19.5,24.0,25.0,unsafe
1495,19.4,19.5,25.0,26.0,unsafe
1496,19.4,19.5,26.0,27.0,unsafe
1497,19.4,19.5,27.0,28.0,unsafe
1498,19.4,19.5,28.0,29.0,unsafe
1499,19.4,19.5,29.0,30.0,unsafe
1500,19.5,19.6,10.0,11.0,safe
1501,19.5,19.6,11.0,12.0,safe
1502,19.5,19.6,12.0,13.0,unknown
1503,19.5,19.6,13.0,14.0,unknown
1504,19.5,19.6,14.0,15.0,unsafe
1505,19.5,19.6,15.0,16.0,unsafe
1506,19.5,19.6,16.0,17.0,unsafe
1507,19.5,19.6,17.0,18.0,unsafe
1508,19.5,19.6,18.0,19.0,unsafe
1509,19.5,19.6,19.0,20.0,unsafe
1510,19.5,19.6,20.0,21.0,unsafe
1511,19.5,19.6,21.0,22.0,unsafe
1512,19.5,19.6,22.0,23.0,unsafe
1513,19.5,19.6,23.0,24.0,unsafe
1514,19.5,19.6,24.0,25.0,unsafe
1515,19.5,19.6,25.0,26.0,unsafe
1516,19.5,19.6,26.0,27.0,unsafe
1517,19.5,19.6,27.0,28.0,unsafe
1518,19.5,19.6,28.0,29.0,unsafe
1519,19.5,19.6,29.0,30.0,unsafe
1520,19.6,19.7,10.0,11.0,safe
1521,19.6,19.7,11.0,12.0,safe
1522,19.6,19.7,12.0,13.0,safe
1523,19.6,19.7,13.0,14.0,unknown
1524,19.6,19.7,14.0,15.0,unsafe
1525,19.6,19.7,15.0,16.0,unsafe
1526,19.6,19.7,16.0,17.0,unsafe
1527,19.6,19.7,17.0,18.0,unsafe
1528,19.6,19.7,18.0,19.0,unsafe
1529,19.6,19.7,19.0,20.0,unsafe
1530,19.6,19.7,20.0,21.0,unsafe
1531,19.6,19.7,21.0,22.0,unsafe
1532,19.6,19.7,22.0,23.0,unsafe
1533,19.6,19.7,23.0,24.0,unsafe
1534,19.6,19.7,24.0,25.0,unsafe
1535,19.6,19.7,25.0,26.0,unsafe
1536,19.6,19.7,26.0,27.0,unsafe
1537,19.6,19.7,27.0,28.0,unsafe
1538,19.6,19.7,28.0,29.0,unsafe
1539,19.6,19.7,29.0,30.0,unsafe
1540,19.7,19.8,10.0,11.0,safe
1541,19.7,19.8,11.0,12.0,safe
1542,19.7,19.8,12.0,13.0,safe
1543,19.7,19.8,13.0,14.0,unknown
1544,19.7,19.8,14.0,15.0,unsafe
1545,19.7,19.8,15.0,16.0,unsafe
1546,19.7,19.8,16.0,17.0,unsafe
1547,19.7,19.8,17.0,18.0,unsafe
1548,19.7,19.8,18.0,19.0,unsafe
1549,19.7,19.8,19.0,20.0,unsafe
1550,19.7,19.8,20.0,21.0,unsafe
1551,19.7,19.8,21.0,22.0,unsafe
1552,19.7,19.8,22.0,23.0,unsafe
1553,19.7,19.8,23.0,24.0,unsafe
1554,19.7,19.8,24.0,25.0,unsafe
1555,19.7,19.8,25.0,26.0,unsafe
1556,19.7,19.8,26.0,27.0,unsafe
1557,19.7,19.8,27.0,28.0,unsafe
1558,19.7,19.8,28.0,29.0,unsafe
1559,19.7,19.8,29.0,30.0,unsafe
1560,19.8,19.9,10.0,11.0,safe
1561,19.8,19.9,11.0,12.0,safe
1562,19.8,19.9,12.0,13.0,safe
1563,19.8,19.9,13.0,14.0,unknown
1564,19.8,19.9,14.0,15.0,unsafe
1565,19.8,19.9,15.0,16.0,unsafe
1566,19.8,19.9,16.0,17.0,unsafe
1567,19.8,19.9,17.0,18.0,unsafe
1568,19.8,19.9,18.0,19.0,unsafe
1569,19.8,19.9,19.0,20.0,unsafe
1570,19.8,19.9,20.0,21.0,unsafe
1571,19.8,19.9,21.0,22.0,unsafe
1572,19.8,19.9,22.0,23.0,unsafe
1573,19.8,19.9,23.0,24.0,unsafe
1574,19.8,19.9,24.0,25.0,unsafe
1575,19.8,19.9,25.0,26.0,unsafe
1576,19.8,19.9,26.0,27.0,unsafe
1577,19.8,19.9,27.0,28.0,unsafe
1578,19.8,19.9,28.0,29.0,unsafe
1579,19.8,19.9,29.0,30.0,unsafe
1580,19.9,20.0,10.0,11.0,safe
1581,19.9,20.0,11.0,12.0,safe
1582,19.9,20.0,12.0,13.0,safe
1583,19.9,20.0,13.0,14.0,unknown
1584,19.9,20.0,14.0,15.0,unknown
1585,19.9,20.0,15.0,16.0,unsafe
1586,19.9,20.0,16.0,17.0,unsafe
1587,19.9,20.0,17.0,18.0,unsafe
1588,19.9,20.0,18.0,19.0,unsafe
1589,19.9,20.0,19.0,20.0,unsafe
1590,19.9,20.0,20.0,21.0,unsafe
1591,19.9,20.0,21.0,22.0,unsafe
1592,19.9,20.0,22.0,23.0,unsafe
1593,19.9,20.0,23.0,24.0,unsafe
1594,19.9,20.0,24.0,25.0,unsafe
1595,19.9,20.0,25.0,26.0,unsafe
1596,19.9,20.0,26.0,27.0,unsafe
1597,19.9,20.0,27.0,28.0,unsafe
1598,19.9,20.0,28.0,29.0,unsafe
1599,19.9,20.0,29.0,30.0,unsafe
1600,20.0,20.1,10.0,11.0,safe
1601,20.0,20.1,11.0,12.0,safe
1602,20.0,20.1,12.0,13.0,safe
1603,20.0,20.1,13.0,14.0,safe
1604,20.0,20.1,14.0,15.0,unknown
1605,20.0,20.1,15.0,16.0,unsafe
1606,20.0,20.1,16.0,17.0,unsafe
1607,20.0,20.1,17.0,18.0,unsafe
1608,20.0,20.1,18.0,19.0,unsafe
1609,20.0,20.1,19.0,20.0,unsafe
1610,20.0,20.1,20.0,21.0,unsafe
1611,20.0,20.1,21.0,22.0,unsafe
1612,20.0,20.1,22.0,23.0,unsafe
1613,20.0,20.1,23.0,24.0,unsafe
1614,20.0,20.1,24.0,25.0,unsafe
1615,20.0,20.1,25.0,26.0,unsafe
1616,20.0,20.1,26.0,27.0,unsafe
1617,20.0,20.1,27.0,28.0,unsafe
1618,20.0,20.1,28.0,29.0,unsafe
1619,20.0,20.1,29.0,30.0,unsafe
1620,20.1,20.2,10.0,11.0,safe
1621,20.1,20.2,11.0,12.0,safe
1622,20.1,20.2,12.0,13.0,safe
1623,20.1,20.2,13.0,14.0,safe
1624,20.1,20.2,14.0,15.0,unknown
1625,20.1,20.2,15.0,16.0,unsafe
1626,20.1,20.2,16.0,17.0,unsafe
1627,20.1,20.2,17.0,18.0,unsafe
1628,20.1,20.2,18.0,19.0,unsafe
1629,20.1,20.2,19.0,20.0,unsafe
1630,20.1,20.2,20.0,21.0,unsafe
1631,20.1,20.2,21.0,22.0,unsafe
1632,20.1,20.2,22.0,23.0,unsafe
1633,20.1,20.2,23.0,24.0,unsafe
1634,20.1,20.2,24.0,25.0,unsafe
1635,20.1,20.2,25.0,26.0,unsafe
1636,20.1,20.2,26.0,27.0,unsafe
1637,20.1,20.2,27.0,28.0,unsafe
1638,20.1,20.2,28.0,29.0,unsafe
1639,20.1,20.2,29.0,30.0,unsafe
1640,20.2,20.3,10.0,11.0,safe
1641,20.2,20.3,11.0,12.0,safe
1642,20.2,20.3,12.0,13.0,safe
1643,20.2,20.3,13.0,14.0,safe
1644,20.2,20.3,14.0,15.0,unknown
1645,20.2,20.3,15.0,16.0,unsafe
1646,20.2,20.3,16.0,17.0,unsafe
1647,20.2,20.3,17.0,18.0,unsafe
1648,20.2,20.3,18.0,19.0,unsafe
1649,20.2,20.3,19.0,20.0,unsafe
1650,20.2,20.3,20.0,21.0,unsafe
1651,20.2,20.3,21.0,22.0,unsafe
1652,20.2,20.3,22.0,23.0,unsafe
1653,20.2,20.3,23.0,24.0,unsafe
1654,20.2,20.3,24.0,25.0,unsafe
1655,20.2,20.3,25.0,26.0,unsafe
1656,20.2,20.3,26.0,27.0,unsafe
1657,20.2,20.3,27.0,28.0,unsafe
1658,20.2,20.3,28.0,29.0,unsafe
1659,20.2,20.3,29.0,30.0,unsafe
1660,20.3,20.4,10.0,11.0,safe
1661,20.3,20.4,11.0,12.0,safe
1662,20.3,20.4,12.0,13.0,safe
1663,20.3,20.4,13.0,14.0,safe
1664,20.3,20.4,14.0,15.0,unknown
1665,20.3,20.4,15.0,16.0,unknown
1666,20.3,20.4,16.0,17.0,unsafe
1667,20.3,20.4,17.0,18.0,unsafe
1668,20.3,20.4,18.0,19.0,unsafe
1669,20.3,20.4,19.0,20.0,unsafe
1670,20.3,20.4,20.0,21.0,unsafe
1671,20.3,20.4,21.0,22.0,unsafe
1672,20.3,20.4,22.0,23.0,unsafe
1673,20.3,20.4,23.0,24.0,unsafe
1674,20.3,20.4,24.0,25.0,unsafe
1675,20.3,20.4,25.0,26.0,unsafe
1676,20.3,20.4,26.0,27.0,unsafe
1677,20.3,20.4,27.0,28.0,unsafe
1678,20.3,20.4,28.0,29.0,unsafe
1679,20.3,20.4,29.0,30.0,unsafe
1680,20.4,20.5,10.0,11.0,safe
1681,20.4,20.5,11.0,12.0,safe
1682,20.4,20.5,12.0,13.0,safe
1683,20.4,20.5,13.0,14.0,safe
1684,20.4,20.5,14.0,15.0,safe
1685,20.4,20.5,15.0,16.0,unknown
1686,20.4,20.5,16.0,17.0,unsafe
1687,20.4,20.5,17.0,18.0,unsafe
1688,20.4,20.5,18.0,19.0,unsafe
1689,20.4,20.5,19.0,20.0,unsafe
1690,20.4,20.5,20.0,21.0,unsafe
1691,20.4,20.5,21.0,22.0,unsafe
1692,20.4,20.5,22.0,23.0,unsafe
1693,20.4,20.5,23.0,24.0,unsafe
1694,20.4,20.5,24.0,25.0,unsafe
1695,20.4,20.5,25.0,26.0,unsafe
1696,20.4,20.5,26.0,27.0,unsafe
1697,20.4,20.5,27.0,28.0,unsafe
1698,20.4,20.5,28.0,29.0,unsafe
1699,20.4,20.5,29.0,30.0,unsafe
1700,20.5,20.6,10.0,11.0,safe
1701,20.5,20.6,11.0,12.0,safe
1702,20.5,20.6,12.0,13.0,safe
1703,20.5,20.6,13.0,14.0,safe
1704,20.5,20.6,14.0,15.0,safe
1705,20.5,20.6,15.0,16.0,unknown
1706,20.5,20.6,16.0,17.0,unsafe
1707,20.5,20.6,17.0,18.0,unsafe
1708,20.5,20.6,18.0,19.0,unsafe
1709,20.5,20.6,19.0,20.0,unsafe
1710,20.5,20.6,20.0,21.0,unsafe
1711,20.5,20.6,21.0,22.0,unsafe
1712,20.5,20.6,22.0,23.0,unsafe
1713,20.5,20.6,23.0,24.0,unsafe
1714,20.5,20.6,24.0,25.0,unsafe
1715,20.5,20.6,25.0,26.0,unsafe
1716,20.5,20.6,26.0,27.0,unsafe
1717,20.5,20.6,27.0,28.0,unsafe
1718,20.5,20.6,28.0,29.0,unsafe
1719,20.5,20.6,29.0,30.0,unsafe
1720,20.6,20.7,10.0,11.0,safe
1721,20.6,20.7,11.0,12.0,safe
1722,20.6,20.7,12.0,13.0,safe
1723,20.6,20.7,13.0,14.0,safe
1724,20.6,20.7,14.0,15.0,safe
1725,20.6,20.7,15.0,16.0,unknown
1726,20.6,20.7,16.0,17.0,unsafe
1727,20.6,20.7,17.0,18.0,unsafe
1728,20.6,20.7,18.0,19.0,unsafe
1729,20.6,20.7,19.0,20.0,unsafe
1730,20.6,20.7,20.0,21.0,unsafe
1731,20.6,20.7,21.0,22.0,unsafe
1732,20.6,20.7,22.0,23.0,unsafe
1733,20.6,20.7,23.0,24.0,unsafe
1734,20.6,20.7,24.0,25.0,unsafe
1735,20.6,20.7,25.0,26.0,unsafe
1736,20.6,20.7,26.0,27.0,unsafe
1737,20.6,20.7,27.0,28.0,unsafe
1738,20.6,20.7,28.0,29.0,unsafe
1739,20.6,20.7,29.0,30.0,unsafe
1740,20.7,20.8,10.0,11.0,safe
1741,20.7,20.8,11.0,12.0,safe
1742,20.7,20.8,12.0,13.0,safe
1743,20.7,20.8,13.0,14.0,safe
1744,20.7,20.8,14.0,15.0,safe
1745,20.7,20.8,15.0,16.0,unknown
1746,20.7,20.8,16.0,17.0,unsafe
1747,20.7,20.8,17.0,18.0,unsafe
1748,20.7,20.8,18.0,19.0,unsafe
1749,20.7,20.8,19.0,20.0,unsafe
1750,20.7,20.8,20.0,21.0,unsafe
1751,20.7,20.8,21.0,22.0,unsafe
1752,20.7,20.8,22.0,23.0,unsafe
1753,20.7,20.8,23.0,24.0,unsafe
1754,20.7,20.8,24.0,25.0,unsafe
1755,20.7,20.8,25.0,26.0,unsafe
1756,20.7,20.8,26.0,27.0,unsafe
1757,20.7,20.8,27.0,28.0,unsafe
1758,20.7,20.8,28.0,29.0,unsafe
1759,20.7,20.8,29.0,30.0,unsafe
1760,20.8,20.9,10.0,11.0,safe
1761,20.8,20.9,11.0,12.0,safe
1762,20.8,20.9,12.0,13.0,safe
1763,20.8,20.9,13.0,14.0,safe
1764,20.8,20.9,14.0,15.0,safe
1765,20.8,20.9,15.0,16.0,unknown
1766,20.8,20.9,16.0,17.0,unknown
1767,20.8,20.9,17.0,18.0,unsafe
1768,20.8,20.9,18.0,19.0,unsafe
1769,20.8,20.9,19.0,20.0,unsafe
1770,20.8,20.9,20.0,21.0,unsafe
1771,20.8,20.9,21.0,22.0,unsafe
1772,20.8,20.9,22.0,23.0,unsafe
1773,20.8,20.9,23.0,24.0,unsafe
1774,20.8,20.9,24.0,25.0,unsafe
1775,20.8,20.9,25.0,26.0,unsafe
1776,20.8,20.9,26.0,27.0,unsafe
1777,20.8,20.9,27.0,28.0,unsafe
1778,20.8,20.9,28.0,29.0,unsafe
1779,20.8,20.9,29.0,30.0,unsafe
1780,20.9,21.0,10.0,11.0,safe
1781,20.9,21.0,11.0,12.0,safe
1782,20.9,21.0,12.0,13.0,safe
1783,20.9,21.0,13.0,14.0,safe
1784,20.9,21.0,14.0,15.0,safe
1785,20.9,21.0,15.0,16.0,safe
1786,20.9,21.0,16.0,17.0,unknown
1787,20.9,21.0,17.0,18.0,unsafe
1788,20.9,21.0,18.0,19.0,unsafe
1789,20.9,21.0,19.0,20.0,unsafe
1790,20.9,21.0,20.0,21.0,unsafe
1791,20.9,21.0,21.0,22.0,unsafe
1792,20.9,21.0,22.0,23.0,unsafe
1793,20.9,21.0,23.0,24.0,unsafe
1794,20.9,21.0,24.0,25.0,unsafe
1795,20.9,21.0,25.0,26.0,unsafe
1796,20.9,21.0,26.0,27.0,unsafe
1797,20.9,21.0,27.0,28.0,unsafe
1798,20.9,21.0,28.0,29.0,unsafe
1799,20.9,21.0,29.0,30.0,unsafe
1800,21.0,21.1,10.0,11.0,safe
1801,21.0,21.1,11.0,12.0,safe
1802,21.0,21.1,12.0,13.0,safe
1803,21.0,21.1,13.0,14.0,safe
1804,21.0,21.1,14.0,15.0,safe
1805,21.0,21.1,15.0,16.0,safe
1806,21.0,21.1,16.0,17.0,unknown
1807,21.0,21.1,17.0,18.0,unsafe
1808,21.0,21.1,18.0,19.0,unsafe
1809,21.0,21.1,19.0,20.0,unsafe
1810,21.0,21.1,20.0,21.0,unsafe
1811,21.0,21.1,21.0,22.0,unsafe
1812,21.0,21.1,22.0,23.0,unsafe
1813,21.0,21.1,23.0,24.0,unsafe
1814,21.0,21.1,24.0,25.0,unsafe
1815,21.0,21.1,25.0,26.0,unsafe
1816,21.0,21.1,26.0,27.0,unsafe
1817,21.0,21.1,27.0,28.0,unsafe
1818,21.0,21.1,28.0,29.0,unsafe
1819,21.0,21.1,29.0,30.0,unsafe
1820,21.1,21.2,10.0,11.0,safe
1821,21.1,21.2,11.0,12.0,safe
1822,21.1,21.2,12.0,13.0,safe
1823,21.1,21.2,13.0,14.0,safe
1824,21.1,21.2,14.0,15.0,safe
1825,21.1,21.2,15.0,16.0,safe
1826,21.1,21.2,16.0,17.0,unknown
1827,21.1,21.2,17.0,18.0,unsafe
1828,21.1,21.2,18.0,19.0,unsafe
1829,21.1,21.2,19.0,20.0,unsafe
1830,21.1,21.2,20.0,21.0,unsafe
1831,21.1,21.2,21.0,22.0,unsafe
1832,21.1,21.2,22.0,23.0,unsafe
1833,21.1,21.2,23.0,24.0,unsafe
1834,21.1,21.2,24.0,25.0,unsafe
1835,21.1,21.2,25.0,26.0,unsafe
1836,21.1,21.2,26.0,27.0,unsafe
1837,21.1,21.2,27.0,28.0,unsafe
1838,21.1,21.2,28.0,29.0,unsafe
1839,21.1,21.2,29.0,30.0,unsafe
1840,21.2,21.3,10.0,11.0,safe
1841,21.2,21.3,11.0,12.0,safe
1842,21.2,21.3,12.0,13.0,safe
1843,21.2,21.3,13.0,14.0,safe
1844,21.2,21.3,14.0,15.0,safe
1845,21.2,21.3,15.0,16.0,safe
1846,21.2,21.3,16.0,17.0,unknown
1847,21.2,21.3,17.0,18.0,unknown
1848,21.2,21.3,18.0,19.0,unsafe
1849,21.2,21.3,19.0,20.0,unsafe
1850,21.2,21.3,20.0,21.0,unsafe
1851,21.2,21.3,21.0,22.0,unsafe
1852,21.2,21.3,22.0,23.0,unsafe
1853,21.2,21.3,23.0,24.0,unsafe
1854,21.2,21.3,24.0,25.0,unsafe
1855,21.2,21.3,25.0,26.0,unsafe
1856,21.2,21.3,26.0,27.0,unsafe
1857,21.2,21.3,27.0,28.0,unsafe
1858,21.2,21.3,28.0,29.0,unsafe
1859,21.2,21.3,29.0,30.0,unsafe
1860,21.3,21.4,10.0,11.0,safe
1861,21.3,21.4,11.0,12.0,safe
1862,21.3,21.4,12.0,13.0,safe
1863,21.3,21.4,13.0,14.0,safe
1864,21.3,21.4,14.0,15.0,safe
1865,21.3,21.4,15.0,16.0,safe
1866,21.3,21.4,16.0,17.0,safe
1867,21.3,21.4,17.0,18.0,unknown
1868,21.3,21.4,18.0,19.0,unsafe
1869,21.3,21.4,19.0,20.0,unsafe
1870,21.3,21.4,20.0,21.0,unsafe
1871,21.3,21.4,21.0,22.0,unsafe
1872,21.3,21.4,22.0,23.0,unsafe
1873,21.3,21.4,23.0,24.0,unsafe
1874,21.3,21.4,24.0,25.0,unsafe
1875,21.3,21.4,25.0,26.0,unsafe
1876,21.3,21.4,26.0,27.0,unsafe
1877,21.3,21.4,27.0,28.0,unsafe
1878,21.3,21.4,28.0,29.0,unsafe
1879,21.3,21.4,29.0,30.0,unsafe
1880,21.4,21.5,10.0,11.0,safe
1881,21.4,21.5,11.0,12.0,safe
1882,21.4,21.5,12.0,13.0,safe
1883,21.4,21.5,13.0,14.0,safe
1884,21.4,21.5,14.0,15.0,safe
1885,21.4,21.5,15.0,16.0,safe
1886,21.4,21.5,16.0,17.0,safe
1887,21.4,21.5,17.0,18.0,unknown
1888,21.4,21.5,18.0,19.0,unsafe
1889,21.4,21.5,19.0,20.0,unsafe
1890,21.4,21.5,20.0,21.0,unsafe
1891,21.4,21.5,21.0,22.0,unsafe
1892,21.4,21.5,22.0,23.0,unsafe
1893,21.4,21.5,23.0,24.0,unsafe
1894,21.4,21.5,24.0,25.0,unsafe
1895,21.4,21.5,25.0,26.0,unsafe
1896,21.4,21.5,26.0,27.0,unsafe
1897,21.4,21.5,27.0,28.0,unsafe
1898,21.4,21.5,28.0,29.0,unsafe
1899,21.4,21.5,29.0,30.0,unsafe
1900,21.5,21.6,10.0,11.0,safe
1901,21.5,21.6,11.0,12.0,safe
1902,21.5,21.6,12.0,13.0,safe
1903,21.5,21.6,13.0,14.0,safe
1904,21.5,21.6,14.0,15.0,safe
1905,21.5,21.6,15.0,16.0,safe
1906,21.5,21.6,16.0,17.0,safe
1907,21.5,21.6,17.0,18.0,unknown
1908,21.5,21.6,18.0,19.0,unsafe
1909,21.5,21.6,19.0,20.0,unsafe
1910,21.5,21.6,20.0,21.0,unsafe
1911,21.5,21.6,21.0,22.0,unsafe
1912,21.5,21.6,22.0,23.0,unsafe
1913,21.5,21.6,23.0,24.0,unsafe
1914,21.5,21.6,24.0,25.0,unsafe
1915,21.5,21.6,25.0,26.0,unsafe
1916,21.5,21.6,26.0,27.0,unsafe
1917,21.5,21.6,27.0,28.0,unsafe
1918,21.5,21.6,28.0,29.0,unsafe
1919,21.5,21.6,29.0,30.0,unsafe
1920,21.6,21.7,10.0,11.0,safe
1921,21.6,21.7,11.0,12.0,safe
1922,21.6,21.7,12.0,13.0,safe
1923,21.6,21.7,13.0,14.0,safe
1924,21.6,21.7,14.0,15.0,safe
1925,21.6,21.7,15.0,16.0,safe
1926,21.6,21.7,16.0,17.0,safe
1927,21.6,21.7,17.0,18.0,unknown
1928,21.6,21.7,18.0,19.0,unknown
1929,21.6,21.7,19.0,20.0,unsafe
1930,21.6,21.7,20.0,21.0,unsafe
1931,21.6,21.7,21.0,22.0,unsafe
1932,21.6,21.7,22.0,23.0,unsafe
1933,21.6,21.7,23.0,24.0,unsafe
1934,21.6,21.7,24.0,25.0,unsafe
1935,21.6,21.7,25.0,26.0,unsafe
1936,21.6,21.7,26.0,27.0,unsafe
1937,21.6,21.7,27.0,28.0,unsafe
1938,21.6,21.7,28.0,29.0,unsafe
1939,21.6,21.7,29.0,30.0,unsafe
1940,21.7,21.8,10.0,11.0,safe
1941,21.7,21.8,11.0,12.0,safe
1942,21.7,21.8,12.0,13.0,safe
1943,21.7,21.8,13.0,14.0,safe
1944,21.7,21.8,14.0,15.0,safe
1945,21.7,21.8,15.0,16.0,safe
1946,21.7,21.8,16.0,17.0,safe
1947,21.7,21.8,17.0,18.0,safe
1948,21.7,21.8,18.0,19.0,unknown
1949,21.7,21.8,19.0,20.0,unsafe
1950,21.7,21.8,20.0,21.0,unsafe
1951,21.7,21.8,21.0,22.0,unsafe
1952,21.7,21.8,22.0,23.0,unsafe
1953,21.7,21.8,23.0,24.0,unsafe
1954,21.7,21.8,24.0,25.0,unsafe
1955,21.7,21.8,25.0,26.0,unsafe
1956,21.7,21.8,26.0,27.0,unsafe
1957,21.7,21.8,27.0,28.0,unsafe
1958,21.7,21.8,28.0,29.0,unsafe
1959,21.7,21.8,29.0,30.0,unsafe
1960,21.8,21.9,10.0,11.0,safe
1961,21.8,21.9,11.0,12.0,safe
1962,21.8,21.9,12.0,13.0,safe
1963,21.8,21.9,13.0,14.0,safe
1964,21.8,21.9,14.0,15.0,safe
1965,21.8,21.9,15.0,16.0,safe
1966,21.8,21.9,16.0,17.0,safe
1967,21.8,21.9,17.0,18.0,safe
1968,21.8,21.9,18.0,19.0,unknown
1969,21.8,21.9,19.0,20.0,unsafe
1970,21.8,21.9,20.0,21.0,unsafe
1971,21.8,21.9,21.0,22.0,unsafe
1972,21.8,21.9,22.0,23.0,unsafe
1973,21.8,21.9,23.0,24.0,unsafe
1974,21.8,21.9,24.0,25.0,unsafe
1975,21.8,21.9,25.0,26.0,unsafe
1976,21.8,21.9,26.0,27.0,unsafe
1977,21.8,21.9,27.0,28.0,unsafe
1978,21.8,21.9,28.0,29.0,unsafe
1979,21.8,21.9,29.0,30.0,unsafe
1980,21.9,22.0,10.0,11.0,safe
1981,21.9,22.0,11.0,12.0,safe
1982,21.9,22.0,12.0,13.0,safe
1983,21.9,22.0,13.0,14.0,safe
1984,21.9,22.0,14.0,15.0,safe
1985,21.9,22.0,15.0,16.0,safe
1986,21.9,22.0,16.0,17.0,safe
1987,21.9,22.0,17.0,18.0,safe
1988,21.9,22.0,18.0,19.0,unknown
1989,21.9,22.0,19.0,20.0,unsafe
1990,21.9,22.0,20.0,21.0,unsafe
1991,21.9,22.0,21.0,22.0,unsafe
1992,21.9,22.0,22.0,23.0,unsafe
1993,21.9,22.0,23.0,24.0,unsafe
1994,21.9,22.0,24.0,25.0,unsafe
1995,21.9,22.0,25.0,26.0,unsafe
1996,21.9,22.0,26.0,27.0,unsafe
1997,21.9,22.0,27.0,28.0,unsafe
1998,21.9,22.0,28.0,29.0,unsafe
1999,21.9,22.0,29.0,30.0,unsafe
